,LABEL,COMMENT,comclean,cleaned,sen_len1,sen_len2,sen_len3,tokens
109,HM,VA ..... VA. KYA BAT HE,VA  VA KYA BAT HE,VA  VA KYA BAT HE,23,17,17,"['va', 'va', 'kya', 'bat', 'he']"
204,HM,Bahut khub jitu bhay,Bahut khub jitu bhay,Bahut khub jitu bhay,20,20,20,"['bahut', 'khub', 'jitu', 'bhay']"
214,HM,Sab se Ã°Å¸â€˜ÂÃ°Å¸â€™Â¯ 1 nambr,Sab se Ã°Å¸â€˜ÂÃ°Å¸â€™Â¯ 1 nambr,Sab se  1 nambr,23,23,15,"['sab', 'se', '1', 'nambr']"
234,HM,Sachi bat he jitu bhai AAP  ko call nahi kiya par aap ki video nice  he,Sachi bat he jitu bhai AAP  ko call nahi kiya par aap ki video nice  he,Sachi bat he jitu bhai AAP  ko call nahi kiya par aap ki video nice  he,71,71,71,"['sachi', 'bat', 'he', 'jitu', 'bhai', 'aap', 'ko', 'call', 'nahi', 'kiya', 'par', 'aap', 'ki', 'video', 'nice', 'he']"
257,HM,joks bhejo,joks bhejo,joks bhejo,10,10,10,"['joks', 'bhejo']"
285,HM,mangu kisise Kam nahi,mangu kisise Kam nahi,mangu kisise Kam nahi,21,21,21,"['mangu', 'kisise', 'kam', 'nahi']"
324,HM,Hit hai,Hit hai,Hit hai,7,7,7,"['hit', 'hai']"
510,HM,Meri wife bhi aise he !!,Meri wife bhi aise he ,Meri wife bhi aise he ,24,22,22,"['meri', 'wife', 'bhi', 'aise', 'he', '']"
511,HM,Harami !!! Us ke papa ke wahaa Chali gayii he !!,Harami  Us ke papa ke wahaa Chali gayii he ,Harami  Us ke papa ke wahaa Chali gayii he ,48,43,43,"['harami', 'us', 'ke', 'papa', 'ke', 'wahaa', 'chali', 'gayii', 'he', '']"
512,HM,Me us Ko phone bhi nahi karta na ,Me us Ko phone bhi nahi karta na ,Me us Ko phone bhi nahi karta na ,33,33,33,"['me', 'us', 'ko', 'phone', 'bhi', 'nahi', 'karta', 'na', '']"
513,HM,Na yaad karta hu !!,Na yaad karta hu ,Na yaad karta hu ,19,17,17,"['na', 'yaad', 'karta', 'hu', '']"
514,HM,Office me busy rehta hu ,Office me busy rehta hu ,Office me busy rehta hu ,24,24,24,"['office', 'me', 'busy', 'rehta', 'hu', '']"
515,HM,Concentration Apne kaam me lagaavo !!,Concentration Apne kaam me lagaavo ,Concentration Apne kaam me lagaavo ,37,35,35,"['concentration', 'apne', 'kaam', 'me', 'lagaavo', '']"
588,HM,Esme koi maja nahi,Esme koi maja nahi,Esme koi maja nahi,18,18,18,"['esme', 'koi', 'maja', 'nahi']"
675,HM,Fast mene dekha,Fast mene dekha,Fast mene dekha,15,15,15,"['fast', 'mene', 'dekha']"
702,HM,Jo apako 3 sem me university badalani ho to badal sakti he in gujrat me ,Jo apako 3 sem me university badalani ho to badal sakti he in gujrat me ,Jo apako 3 sem me university badalani ho to badal sakti he in gujrat me ,72,72,72,"['jo', 'apako', '3', 'sem', 'me', 'university', 'badalani', 'ho', 'to', 'badal', 'sakti', 'he', 'in', 'gujrat', 'me', '']"
723,HM,Pauranik itihas to hamare nam he,Pauranik itihas to hamare nam he,Pauranik itihas to hamare nam he,32,32,32,"['pauranik', 'itihas', 'to', 'hamare', 'nam', 'he']"
762,HM,Sir aap jo quetion student ko pu6te ho or wo answer dete hai w/o words a66e se sunai nai dete plz un words ko aap bi 1 bar bole,Sir aap jo quetion student ko pu6te ho or wo answer dete hai wo words a66e se sunai nai dete plz un words ko aap bi 1 bar bole,Sir aap jo quetion student ko pu6te ho or wo answer dete hai wo words a66e se sunai nai dete plz un words ko aap bi 1 bar bole,127,126,126,"['sir', 'aap', 'jo', 'quetion', 'student', 'ko', 'pu6te', 'ho', 'or', 'wo', 'answer', 'dete', 'hai', 'wo', 'words', 'a66e', 'se', 'sunai', 'nai', 'dete', 'plz', 'un', 'words', 'ko', 'aap', 'bi', '1', 'bar', 'bole']"
810,HM,Sir aap bahot hi a6aa karate hoooo.....Aapke videos a6e lage.... ,Sir aap bahot hi a6aa karate hooooAapke videos a6e lage ,Sir aap bahot hi a6aa karate hooooAapke videos a6e lage ,65,56,56,"['sir', 'aap', 'bahot', 'hi', 'a6aa', 'karate', 'hooooaapke', 'videos', 'a6e', 'lage', '']"
811,HM, But Students ki aavaz background me disturb karti h.... , But Students ki aavaz background me disturb karti h , But Students ki aavaz background me disturb karti h ,57,53,53,"['', 'but', 'students', 'ki', 'aavaz', 'background', 'me', 'disturb', 'karti', 'h', '']"
812,HM, plzzz alag se video upload kare , plzzz alag se video upload kare , plzzz alag se video upload kare ,33,33,33,"['', 'plzzz', 'alag', 'se', 'video', 'upload', 'kare', '']"
813,HM, Thank u, Thank u, Thank u,8,8,8,"['', 'thank', 'u']"
1091,HM,Nice sir aur naya baillif examm ke liye bhejna,Nice sir aur naya baillif examm ke liye bhejna,Nice sir aur naya baillif examm ke liye bhejna,46,46,46,"['nice', 'sir', 'aur', 'naya', 'baillif', 'examm', 'ke', 'liye', 'bhejna']"
1263,HM,Hiiii sir me bahut  tension and porlem me hu aagar aapke kisi bhi business muje job Mel sakta hai  ,Hiiii sir me bahut  tension and porlem me hu aagar aapke kisi bhi business muje job Mel sakta hai  ,Hiiii sir me bahut  tension and porlem me hu aagar aapke kisi bhi business muje job Mel sakta hai  ,99,99,99,"['hiiii', 'sir', 'me', 'bahut', 'tension', 'and', 'porlem', 'me', 'hu', 'aagar', 'aapke', 'kisi', 'bhi', 'business', 'muje', 'job', 'mel', 'sakta', 'hai', '']"
1282,HM,salary  kitni bhi ho  bas muje Kam de do sir me handicap hu sir please muje ans dena,salary  kitni bhi ho  bas muje Kam de do sir me handicap hu sir please muje ans dena,salary  kitni bhi ho  bas muje Kam de do sir me handicap hu sir please muje ans dena,84,84,84,"['salary', 'kitni', 'bhi', 'ho', 'bas', 'muje', 'kam', 'de', 'do', 'sir', 'me', 'handicap', 'hu', 'sir', 'please', 'muje', 'ans', 'dena']"
1303,HM,Jina esika nam heğŸ™ğŸ™ğŸ™ğŸ™ğŸ™,Jina esika nam heğŸ™ğŸ™ğŸ™ğŸ™ğŸ™,Jina esika nam he,22,22,17,"['jina', 'esika', 'nam', 'he']"
1324,HM,à¤†à¤ªà¤•à¥€ look Actor Sanjay kapoor à¤œà¥ˆà¤¸à¥€ à¤¹à¥ˆà¥¤ And your speech is awsomeğŸ‘ŒğŸ‘ŒğŸ‘ŒğŸ‘Œ,à¤†à¤ªà¤•à¥€ look Actor Sanjay kapoor à¤œà¥ˆà¤¸à¥€ à¤¹à¥ˆà¥¤ And your speech is awsomeğŸ‘ŒğŸ‘ŒğŸ‘ŒğŸ‘Œ,à¤†à¤ªà¤•à¥€ look Actor Sanjay kapoor à¤œà¥ˆà¤¸à¥€ à¤¹à¥ˆà¥¤ And your speech is awsome,68,68,64,"['à¤†à¤ªà¤•à¥€', 'look', 'actor', 'sanjay', 'kapoor', 'à¤œà¥ˆà¤¸à¥€', 'à¤¹à¥ˆà¥¤', 'and', 'your', 'speech', 'is', 'awsome']"
1331,HM,"Sir plz appke lecture hindi me kiyejiye, we want this heartly",Sir plz appke lecture hindi me kiyejiye we want this heartly,Sir plz appke lecture hindi me kiyejiye we want this heartly,61,60,60,"['sir', 'plz', 'appke', 'lecture', 'hindi', 'me', 'kiyejiye', 'we', 'want', 'this', 'heartly']"
1345,HM,Zabardest speech sir Hindi Mai do,Zabardest speech sir Hindi Mai do,Zabardest speech sir Hindi Mai do,33,33,33,"['zabardest', 'speech', 'sir', 'hindi', 'mai', 'do']"
1352,HM,Sir Hindi mai bhi bnaye plz sir,Sir Hindi mai bhi bnaye plz sir,Sir Hindi mai bhi bnaye plz sir,31,31,31,"['sir', 'hindi', 'mai', 'bhi', 'bnaye', 'plz', 'sir']"
1365,HM,tiger jinda  he,tiger jinda  he,tiger jinda  he,15,15,15,"['tiger', 'jinda', 'he']"
1412,HM,Sir m u.p se hu pr bhut acha laga mujhe aap ko sunkr,Sir m up se hu pr bhut acha laga mujhe aap ko sunkr,Sir m up se hu pr bhut acha laga mujhe aap ko sunkr,52,51,51,"['sir', 'm', 'up', 'se', 'hu', 'pr', 'bhut', 'acha', 'laga', 'mujhe', 'aap', 'ko', 'sunkr']"
1415,HM, sir I promise to you  mai aap aap ke padchino pr Cl ne ka pura prayash kru ga aap se ashirvad ki kamna krta hu ğŸ™ğŸ™ğŸ™ğŸ™ğŸ™ğŸ™ğŸ™, sir I promise to you  mai aap aap ke padchino pr Cl ne ka pura prayash kru ga aap se ashirvad ki kamna krta hu ğŸ™ğŸ™ğŸ™ğŸ™ğŸ™ğŸ™ğŸ™, sir I promise to you  mai aap aap ke padchino pr Cl ne ka pura prayash kru ga aap se ashirvad ki kamna krta hu ,119,119,112,"['', 'sir', 'i', 'promise', 'to', 'you', 'mai', 'aap', 'aap', 'ke', 'padchino', 'pr', 'cl', 'ne', 'ka', 'pura', 'prayash', 'kru', 'ga', 'aap', 'se', 'ashirvad', 'ki', 'kamna', 'krta', 'hu', '']"
1418,HM,Hindi me bhiboliye hindi samajhane wale. adhik hai India me,Hindi me bhiboliye hindi samajhane wale adhik hai India me,Hindi me bhiboliye hindi samajhane wale adhik hai India me,59,58,58,"['hindi', 'me', 'bhiboliye', 'hindi', 'samajhane', 'wale', 'adhik', 'hai', 'india', 'me']"
1437,HM,Vah sir tussi to dil khush kar dala,Vah sir tussi to dil khush kar dala,Vah sir tussi to dil khush kar dala,35,35,35,"['vah', 'sir', 'tussi', 'to', 'dil', 'khush', 'kar', 'dala']"
1456,HM,"3.5/5 
 but mast movie hai.. 
 ek bar dekhni chaiye","355 
 but mast movie hai 
 ek bar dekhni chaiye","355 
 but mast movie hai 
 ek bar dekhni chaiye",51,47,47,"['355', 'but', 'mast', 'movie', 'hai', 'ek', 'bar', 'dekhni', 'chaiye']"
1491,HM,humko vaga heğŸ˜…ğŸ˜…ğŸ˜…ğŸ˜…,humko vaga heğŸ˜…ğŸ˜…ğŸ˜…ğŸ˜…,humko vaga he,17,17,13,"['humko', 'vaga', 'he']"
1504,HM,àª¬à«‡àª¨ àª¹àª®àª•à«‹ àªµàª¾àª—àª¾ àª¹à«ˆ ğŸ˜‚ğŸ˜‚ğŸ˜‚ğŸ˜‚,àª¬à«‡àª¨ àª¹àª®àª•à«‹ àªµàª¾àª—àª¾ àª¹à«ˆ ğŸ˜‚ğŸ˜‚ğŸ˜‚ğŸ˜‚,àª¬à«‡àª¨ àª¹àª®àª•à«‹ àªµàª¾àª—àª¾ àª¹à«ˆ ,21,21,17,"['àª¬à«‡àª¨', 'àª¹àª®àª•à«‹', 'àªµàª¾àª—àª¾', 'àª¹à«ˆ', '']"
1517,HM,Super se upar movie hai yaar,Super se upar movie hai yaar,Super se upar movie hai yaar,28,28,28,"['super', 'se', 'upar', 'movie', 'hai', 'yaar']"
1523,HM,Super movie haiâ€¦,Super movie haiâ€¦,Super movie hai,16,16,15,"['super', 'movie', 'hai']"
1533,HM,Kon Kon gujjubhai ke asli namko janta hai like karae,Kon Kon gujjubhai ke asli namko janta hai like karae,Kon Kon gujjubhai ke asli namko janta hai like karae,52,52,52,"['kon', 'kon', 'gujjubhai', 'ke', 'asli', 'namko', 'janta', 'hai', 'like', 'karae']"
1581,HM,"Grt movie,,,Sach me Rula diyağŸ˜¢ğŸ˜¢",Grt movieSach me Rula diyağŸ˜¢ğŸ˜¢,Grt movieSach me Rula diya,31,28,26,"['grt', 'moviesach', 'me', 'rula', 'diya']"
1608,HM,Bhai yeto marathi film ki copy kiya haiğŸ˜‚ğŸ˜‚ğŸ˜‚ğŸ˜‚,Bhai yeto marathi film ki copy kiya haiğŸ˜‚ğŸ˜‚ğŸ˜‚ğŸ˜‚,Bhai yeto marathi film ki copy kiya hai,43,43,39,"['bhai', 'yeto', 'marathi', 'film', 'ki', 'copy', 'kiya', 'hai']"
1633,HM,à¤…à¤¯à¥à¤µ,à¤…à¤¯à¥à¤µ,à¤…à¤¯à¥à¤µ,4,4,4,['à¤…à¤¯à¥à¤µ']
1646,HM,subscribe kar lena dostsubscribe kar lena subscribe kar lena dost,subscribe kar lena dostsubscribe kar lena subscribe kar lena dost,subscribe kar lena dostsubscribe kar lena subscribe kar lena dost,65,65,65,"['subscribe', 'kar', 'lena', 'dostsubscribe', 'kar', 'lena', 'subscribe', 'kar', 'lena', 'dost']"
1665,HM,Are super se user movi,Are super se user movi,Are super se user movi,22,22,22,"['are', 'super', 'se', 'user', 'movi']"
1702,HM,à¤†à¤¨à¥ˆ à¤•à¤¹à¥ˆ à¤›à¥ˆ à¤—à¤¾à¤‚à¤¡à¤¾à¤“ à¤¨à¤¿ à¤«à¤¿à¤²à¤®,à¤†à¤¨à¥ˆ à¤•à¤¹à¥ˆ à¤›à¥ˆ à¤—à¤¾à¤‚à¤¡à¤¾à¤“ à¤¨à¤¿ à¤«à¤¿à¤²à¤®,à¤†à¤¨à¥ˆ à¤•à¤¹à¥ˆ à¤›à¥ˆ à¤—à¤¾à¤‚à¤¡à¤¾à¤“ à¤¨à¤¿ à¤«à¤¿à¤²à¤®,25,25,25,"['à¤†à¤¨à¥ˆ', 'à¤•à¤¹à¥ˆ', 'à¤›à¥ˆ', 'à¤—à¤¾à¤‚à¤¡à¤¾à¤“', 'à¤¨à¤¿', 'à¤«à¤¿à¤²à¤®']"
1727,HM, Kitane salo ke bad mene ye movie dekhi.., Kitane salo ke bad mene ye movie dekhi, Kitane salo ke bad mene ye movie dekhi,41,39,39,"['', 'kitane', 'salo', 'ke', 'bad', 'mene', 'ye', 'movie', 'dekhi']"
1728,HM,itni khus thi me jab ye movie chalu kiya to lekin movie dekhne ki sari khushi chali gai song's ke bina to ğŸ˜­ğŸ˜­ğŸ˜­ğŸ˜­,itni khus thi me jab ye movie chalu kiya to lekin movie dekhne ki sari khushi chali gai songs ke bina to ğŸ˜­ğŸ˜­ğŸ˜­ğŸ˜­,itni khus thi me jab ye movie chalu kiya to lekin movie dekhne ki sari khushi chali gai songs ke bina to ,110,109,105,"['itni', 'khus', 'thi', 'me', 'jab', 'ye', 'movie', 'chalu', 'kiya', 'to', 'lekin', 'movie', 'dekhne', 'ki', 'sari', 'khushi', 'chali', 'gai', 'songs', 'ke', 'bina', 'to', '']"
1888,HM,2020 aa Gaya Yaar movie nhi aai,2020 aa Gaya Yaar movie nhi aai,2020 aa Gaya Yaar movie nhi aai,31,31,31,"['2020', 'aa', 'gaya', 'yaar', 'movie', 'nhi', 'aai']"
1936,HM,Ye movie Hindi me  kaha dekh sakta hu? ,Ye movie Hindi me  kaha dekh sakta hu ,Ye movie Hindi me  kaha dekh sakta hu ,39,38,38,"['ye', 'movie', 'hindi', 'me', 'kaha', 'dekh', 'sakta', 'hu', '']"
1939,HM,Sab Bari tareef Kar rehe he movie kiğŸ™ğŸ™ğŸ™ğŸ™,Sab Bari tareef Kar rehe he movie kiğŸ™ğŸ™ğŸ™ğŸ™,Sab Bari tareef Kar rehe he movie ki,40,40,36,"['sab', 'bari', 'tareef', 'kar', 'rehe', 'he', 'movie', 'ki']"
2062,HM,Yaar inke ghar Walon Ka Kya haal Hua hoga Ek Ghar Ke Do Do bete... Insaaf to milna chahiye,Yaar inke ghar Walon Ka Kya haal Hua hoga Ek Ghar Ke Do Do bete Insaaf to milna chahiye,Yaar inke ghar Walon Ka Kya haal Hua hoga Ek Ghar Ke Do Do bete Insaaf to milna chahiye,90,87,87,"['yaar', 'inke', 'ghar', 'walon', 'ka', 'kya', 'haal', 'hua', 'hoga', 'ek', 'ghar', 'ke', 'do', 'do', 'bete', 'insaaf', 'to', 'milna', 'chahiye']"
2065,HM,Lagta hai CCTV free ka mila hua hai.,Lagta hai CCTV free ka mila hua hai,Lagta hai CCTV free ka mila hua hai,36,35,35,"['lagta', 'hai', 'cctv', 'free', 'ka', 'mila', 'hua', 'hai']"
2078,HM,Sab ka saath or kiska vikash aap log samaj gaye hoge,Sab ka saath or kiska vikash aap log samaj gaye hoge,Sab ka saath or kiska vikash aap log samaj gaye hoge,52,52,52,"['sab', 'ka', 'saath', 'or', 'kiska', 'vikash', 'aap', 'log', 'samaj', 'gaye', 'hoge']"
2102,HM,Y  sale sub n Modi ko vote diya h 2024 m Modi n vote dena sub acha ho jae GA,Y  sale sub n Modi ko vote diya h 2024 m Modi n vote dena sub acha ho jae GA,Y  sale sub n Modi ko vote diya h 2024 m Modi n vote dena sub acha ho jae GA,76,76,76,"['y', 'sale', 'sub', 'n', 'modi', 'ko', 'vote', 'diya', 'h', '2024', 'm', 'modi', 'n', 'vote', 'dena', 'sub', 'acha', 'ho', 'jae', 'ga']"
2103,HM,Aur gold ka rate badna chahiye ku ke rate matter nahi hay,Aur gold ka rate badna chahiye ku ke rate matter nahi hay,Aur gold ka rate badna chahiye ku ke rate matter nahi hay,57,57,57,"['aur', 'gold', 'ka', 'rate', 'badna', 'chahiye', 'ku', 'ke', 'rate', 'matter', 'nahi', 'hay']"
2129,HM,Mittriooo Achche din aaaaaa gaye,Mittriooo Achche din aaaaaa gaye,Mittriooo Achche din aaaaaa gaye,32,32,32,"['mittriooo', 'achche', 'din', 'aaaaaa', 'gaye']"
2131,HM,Modi modi modi. Anpadh ko PM banao ge to esa hi hoga.,Modi modi modi Anpadh ko PM banao ge to esa hi hoga,Modi modi modi Anpadh ko PM banao ge to esa hi hoga,53,51,51,"['modi', 'modi', 'modi', 'anpadh', 'ko', 'pm', 'banao', 'ge', 'to', 'esa', 'hi', 'hoga']"
2132,HM,Karan mandi nai hei chori hei,Karan mandi nai hei chori hei,Karan mandi nai hei chori hei,29,29,29,"['karan', 'mandi', 'nai', 'hei', 'chori', 'hei']"
2136,HM,Modi hai to Mumkin hai....ğŸ˜‘,Modi hai to Mumkin haiğŸ˜‘,Modi hai to Mumkin hai,27,23,22,"['modi', 'hai', 'to', 'mumkin', 'hai']"
2140,HM,"""ZAVERI BAJAAR KE SABHI DUKAANDAARO ""CRODOPATI HAI..",ZAVERI BAJAAR KE SABHI DUKAANDAARO CRODOPATI HAI,ZAVERI BAJAAR KE SABHI DUKAANDAARO CRODOPATI HAI,52,48,48,"['zaveri', 'bajaar', 'ke', 'sabhi', 'dukaandaaro', 'crodopati', 'hai']"
2143,HM,RONAA DHONAA YE SONE KI DUKAANDAARO KO DHAANDHAA HAI.,RONAA DHONAA YE SONE KI DUKAANDAARO KO DHAANDHAA HAI,RONAA DHONAA YE SONE KI DUKAANDAARO KO DHAANDHAA HAI,53,52,52,"['ronaa', 'dhonaa', 'ye', 'sone', 'ki', 'dukaandaaro', 'ko', 'dhaandhaa', 'hai']"
2144,HM,.DESH KO KUCHH BHI DENAA NAHI CHAAHTE ORR KAARIGARO KE NAAM PE RODNAA RO-RAHE HAI,DESH KO KUCHH BHI DENAA NAHI CHAAHTE ORR KAARIGARO KE NAAM PE RODNAA RORAHE HAI,DESH KO KUCHH BHI DENAA NAHI CHAAHTE ORR KAARIGARO KE NAAM PE RODNAA RORAHE HAI,81,79,79,"['desh', 'ko', 'kuchh', 'bhi', 'denaa', 'nahi', 'chaahte', 'orr', 'kaarigaro', 'ke', 'naam', 'pe', 'rodnaa', 'rorahe', 'hai']"
2145,HM, YAH  DHANDHAA ME MUL - SONI KOI RAHAA NAHI JYAADAATAR IRAR GYAATI KE LOG YAH MALAAIDAAR DHANDHE ME PADE HAI.., YAH  DHANDHAA ME MUL  SONI KOI RAHAA NAHI JYAADAATAR IRAR GYAATI KE LOG YAH MALAAIDAAR DHANDHE ME PADE HAI, YAH  DHANDHAA ME MUL  SONI KOI RAHAA NAHI JYAADAATAR IRAR GYAATI KE LOG YAH MALAAIDAAR DHANDHE ME PADE HAI,110,107,107,"['', 'yah', 'dhandhaa', 'me', 'mul', 'soni', 'koi', 'rahaa', 'nahi', 'jyaadaatar', 'irar', 'gyaati', 'ke', 'log', 'yah', 'malaaidaar', 'dhandhe', 'me', 'pade', 'hai']"
2169,HM,Modi gujrat ka tiger hai mot se nahi darrta,Modi gujrat ka tiger hai mot se nahi darrta,Modi gujrat ka tiger hai mot se nahi darrta,43,43,43,"['modi', 'gujrat', 'ka', 'tiger', 'hai', 'mot', 'se', 'nahi', 'darrta']"
2176,HM,ser ko motki chu no ti de ne vala khud so gaya ser to ser he,ser ko motki chu no ti de ne vala khud so gaya ser to ser he,ser ko motki chu no ti de ne vala khud so gaya ser to ser he,60,60,60,"['ser', 'ko', 'motki', 'chu', 'no', 'ti', 'de', 'ne', 'vala', 'khud', 'so', 'gaya', 'ser', 'to', 'ser', 'he']"
2181,HM,Bhidu tum chinta mat karo hum tumhare Sath he Kaiku darna BABA,Bhidu tum chinta mat karo hum tumhare Sath he Kaiku darna BABA,Bhidu tum chinta mat karo hum tumhare Sath he Kaiku darna BABA,62,62,62,"['bhidu', 'tum', 'chinta', 'mat', 'karo', 'hum', 'tumhare', 'sath', 'he', 'kaiku', 'darna', 'baba']"
2191,HM,Mar gye modi ko Marne vale,Mar gye modi ko Marne vale,Mar gye modi ko Marne vale,26,26,26,"['mar', 'gye', 'modi', 'ko', 'marne', 'vale']"
2192,HM,Modi koi aam insaan nahi hai sher ka shikar kute nahi kar sakte,Modi koi aam insaan nahi hai sher ka shikar kute nahi kar sakte,Modi koi aam insaan nahi hai sher ka shikar kute nahi kar sakte,63,63,63,"['modi', 'koi', 'aam', 'insaan', 'nahi', 'hai', 'sher', 'ka', 'shikar', 'kute', 'nahi', 'kar', 'sakte']"
2203,HM,àª®à«‹àª¦à«€àªœà«€.àª•à«‹.àª•à«‹àªˆ.àª¨àª¹à«€ àª®àª¾àª° àª¸àª•àª¤àª¾,àª®à«‹àª¦à«€àªœà«€àª•à«‹àª•à«‹àªˆàª¨àª¹à«€ àª®àª¾àª° àª¸àª•àª¤àª¾,àª®à«‹àª¦à«€àªœà«€àª•à«‹àª•à«‹àªˆàª¨àª¹à«€ àª®àª¾àª° àª¸àª•àª¤àª¾,26,23,23,"['àª®à«‹àª¦à«€àªœà«€àª•à«‹àª•à«‹àªˆàª¨àª¹à«€', 'àª®àª¾àª°', 'àª¸àª•àª¤àª¾']"
2205,HM,à¤®à¥‹à¤¦à¥€ to à¤®à¥‹à¤¦à¥€ he,à¤®à¥‹à¤¦à¥€ to à¤®à¥‹à¤¦à¥€ he,à¤®à¥‹à¤¦à¥€ to à¤®à¥‹à¤¦à¥€ he,15,15,15,"['à¤®à¥‹à¤¦à¥€', 'to', 'à¤®à¥‹à¤¦à¥€', 'he']"
2208,HM,"Modi ji desh he    
 Kyu ki modi ji hmesa  
 Desh ka bhla jaha he  
 Or  pure desh ka bhla kar Ne ke liye time to lge gahi bhai","Modi ji desh he    
 Kyu ki modi ji hmesa  
 Desh ka bhla jaha he  
 Or  pure desh ka bhla kar Ne ke liye time to lge gahi bhai","Modi ji desh he    
 Kyu ki modi ji hmesa  
 Desh ka bhla jaha he  
 Or  pure desh ka bhla kar Ne ke liye time to lge gahi bhai",127,127,127,"['modi', 'ji', 'desh', 'he', 'kyu', 'ki', 'modi', 'ji', 'hmesa', 'desh', 'ka', 'bhla', 'jaha', 'he', 'or', 'pure', 'desh', 'ka', 'bhla', 'kar', 'ne', 'ke', 'liye', 'time', 'to', 'lge', 'gahi', 'bhai']"
2222,HM,Modi sar he,Modi sar he,Modi sar he,11,11,11,"['modi', 'sar', 'he']"
2224,HM,Feku chacha,Feku chacha,Feku chacha,11,11,11,"['feku', 'chacha']"
2230,HM,àª®à«‹àª¦à«€ àª¸à«‡àª° àª›à«‡,àª®à«‹àª¦à«€ àª¸à«‡àª° àª›à«‡,àª®à«‹àª¦à«€ àª¸à«‡àª° àª›à«‡,11,11,11,"['àª®à«‹àª¦à«€', 'àª¸à«‡àª°', 'àª›à«‡']"
2246,HM,Modi Hindustan ka Wazir Azam hai aur woh Sher Hai Bhagwa Dhari Se Kisi ke baap ki takat nahi hai,Modi Hindustan ka Wazir Azam hai aur woh Sher Hai Bhagwa Dhari Se Kisi ke baap ki takat nahi hai,Modi Hindustan ka Wazir Azam hai aur woh Sher Hai Bhagwa Dhari Se Kisi ke baap ki takat nahi hai,96,96,96,"['modi', 'hindustan', 'ka', 'wazir', 'azam', 'hai', 'aur', 'woh', 'sher', 'hai', 'bhagwa', 'dhari', 'se', 'kisi', 'ke', 'baap', 'ki', 'takat', 'nahi', 'hai']"
2251,HM,"Kisike bapki takat nahi he jo modi Ko mar sake  
 Jay modi 
 Jay B.J.P","Kisike bapki takat nahi he jo modi Ko mar sake  
 Jay modi 
 Jay BJP","Kisike bapki takat nahi he jo modi Ko mar sake  
 Jay modi 
 Jay BJP",70,68,68,"['kisike', 'bapki', 'takat', 'nahi', 'he', 'jo', 'modi', 'ko', 'mar', 'sake', 'jay', 'modi', 'jay', 'bjp']"
2264,HM,Abe modi gaya 2019 ma only kongres beta àª•à«‹àª‚àª—à«àª°à«‡àª¸,Abe modi gaya 2019 ma only kongres beta àª•à«‹àª‚àª—à«àª°à«‡àª¸,Abe modi gaya 2019 ma only kongres beta àª•à«‹àª‚àª—à«àª°à«‡àª¸,48,48,48,"['abe', 'modi', 'gaya', '2019', 'ma', 'only', 'kongres', 'beta', 'àª•à«‹àª‚àª—à«àª°à«‡àª¸']"
2284,HM,modi ka koi kuch bigad nhi skta,modi ka koi kuch bigad nhi skta,modi ka koi kuch bigad nhi skta,31,31,31,"['modi', 'ka', 'koi', 'kuch', 'bigad', 'nhi', 'skta']"
2285,HM,Kiski majal he jab sher ata tab kutte bhokte he,Kiski majal he jab sher ata tab kutte bhokte he,Kiski majal he jab sher ata tab kutte bhokte he,47,47,47,"['kiski', 'majal', 'he', 'jab', 'sher', 'ata', 'tab', 'kutte', 'bhokte', 'he']"
2287,HM,pacl campni ka peisa kha gaya modi,pacl campni ka peisa kha gaya modi,pacl campni ka peisa kha gaya modi,34,34,34,"['pacl', 'campni', 'ka', 'peisa', 'kha', 'gaya', 'modi']"
2290,HM,modiji ne marava vala dhamki aapanar he Insan aachhe aarami ko kuchha  hu va to bhagavan ke darabar me aapko nyay nahi milega  desh ke bhagavan ko bacha rakho,modiji ne marava vala dhamki aapanar he Insan aachhe aarami ko kuchha  hu va to bhagavan ke darabar me aapko nyay nahi milega  desh ke bhagavan ko bacha rakho,modiji ne marava vala dhamki aapanar he Insan aachhe aarami ko kuchha  hu va to bhagavan ke darabar me aapko nyay nahi milega  desh ke bhagavan ko bacha rakho,158,158,158,"['modiji', 'ne', 'marava', 'vala', 'dhamki', 'aapanar', 'he', 'insan', 'aachhe', 'aarami', 'ko', 'kuchha', 'hu', 'va', 'to', 'bhagavan', 'ke', 'darabar', 'me', 'aapko', 'nyay', 'nahi', 'milega', 'desh', 'ke', 'bhagavan', 'ko', 'bacha', 'rakho']"
2292,HM,Sher he a hamara,Sher he a hamara,Sher he a hamara,16,16,16,"['sher', 'he', 'a', 'hamara']"
2300,HM,Modi ji ap tenstion mt lo a kute to bhaste rahete he,Modi ji ap tenstion mt lo a kute to bhaste rahete he,Modi ji ap tenstion mt lo a kute to bhaste rahete he,52,52,52,"['modi', 'ji', 'ap', 'tenstion', 'mt', 'lo', 'a', 'kute', 'to', 'bhaste', 'rahete', 'he']"
2309,HM,Noutanki,Noutanki,Noutanki,8,8,8,['noutanki']
2315,HM,Modi ko marneki dhamki dene vaalo ,Modi ko marneki dhamki dene vaalo ,Modi ko marneki dhamki dene vaalo ,34,34,34,"['modi', 'ko', 'marneki', 'dhamki', 'dene', 'vaalo', '']"
2317,HM,Kisike baap ki takat nahi he,Kisike baap ki takat nahi he,Kisike baap ki takat nahi he,28,28,28,"['kisike', 'baap', 'ki', 'takat', 'nahi', 'he']"
2320,HM,Ab ki bar bhi modi sarkar Jay hind,Ab ki bar bhi modi sarkar Jay hind,Ab ki bar bhi modi sarkar Jay hind,34,34,34,"['ab', 'ki', 'bar', 'bhi', 'modi', 'sarkar', 'jay', 'hind']"
2325,HM,Har  har  modiji,Har  har  modiji,Har  har  modiji,16,16,16,"['har', 'har', 'modiji']"
2326,HM,Modiji    salamat  raho  saaj  raho,Modiji    salamat  raho  saaj  raho,Modiji    salamat  raho  saaj  raho,35,35,35,"['modiji', 'salamat', 'raho', 'saaj', 'raho']"
2364,HM,Ye fake video hai,Ye fake video hai,Ye fake video hai,17,17,17,"['ye', 'fake', 'video', 'hai']"
2375,HM,Modiji ka kush hone Vala nahi hai.,Modiji ka kush hone Vala nahi hai,Modiji ka kush hone Vala nahi hai,34,33,33,"['modiji', 'ka', 'kush', 'hone', 'vala', 'nahi', 'hai']"
2376,HM,Modi ka koi Bal bi waka nhi kr sakta h Bhai bhokne wale kutte h. Sub,Modi ka koi Bal bi waka nhi kr sakta h Bhai bhokne wale kutte h Sub,Modi ka koi Bal bi waka nhi kr sakta h Bhai bhokne wale kutte h Sub,68,67,67,"['modi', 'ka', 'koi', 'bal', 'bi', 'waka', 'nhi', 'kr', 'sakta', 'h', 'bhai', 'bhokne', 'wale', 'kutte', 'h', 'sub']"
2381,HM,Dusmano ke  ghar me mardenge jamp modi ko mar sake nahi kisime dam,Dusmano ke  ghar me mardenge jamp modi ko mar sake nahi kisime dam,Dusmano ke  ghar me mardenge jamp modi ko mar sake nahi kisime dam,66,66,66,"['dusmano', 'ke', 'ghar', 'me', 'mardenge', 'jamp', 'modi', 'ko', 'mar', 'sake', 'nahi', 'kisime', 'dam']"
2383,HM,modikokoinhimarsakta om nmhsivay,modikokoinhimarsakta om nmhsivay,modikokoinhimarsakta om nmhsivay,32,32,32,"['modikokoinhimarsakta', 'om', 'nmhsivay']"
2398,HM,"Ku chh achchha sapana dekho  
 Jasa ki modi we Kai sent bache  
 Modi ki jay","Ku chh achchha sapana dekho  
 Jasa ki modi we Kai sent bache  
 Modi ki jay","Ku chh achchha sapana dekho  
 Jasa ki modi we Kai sent bache  
 Modi ki jay",76,76,76,"['ku', 'chh', 'achchha', 'sapana', 'dekho', 'jasa', 'ki', 'modi', 'we', 'kai', 'sent', 'bache', 'modi', 'ki', 'jay']"
2399,HM,mandi ke karan ka muda na dikhane ka natak hai,mandi ke karan ka muda na dikhane ka natak hai,mandi ke karan ka muda na dikhane ka natak hai,46,46,46,"['mandi', 'ke', 'karan', 'ka', 'muda', 'na', 'dikhane', 'ka', 'natak', 'hai']"
2400,HM,Ye sala panoti marega nahi logo la jivan haram kerne ke liya janam liya,Ye sala panoti marega nahi logo la jivan haram kerne ke liya janam liya,Ye sala panoti marega nahi logo la jivan haram kerne ke liya janam liya,71,71,71,"['ye', 'sala', 'panoti', 'marega', 'nahi', 'logo', 'la', 'jivan', 'haram', 'kerne', 'ke', 'liya', 'janam', 'liya']"
2425,HM,Modiji des ke liye kam karta he har janta Modi ne Sahi pm mane chhe...,Modiji des ke liye kam karta he har janta Modi ne Sahi pm mane chhe,Modiji des ke liye kam karta he har janta Modi ne Sahi pm mane chhe,70,67,67,"['modiji', 'des', 'ke', 'liye', 'kam', 'karta', 'he', 'har', 'janta', 'modi', 'ne', 'sahi', 'pm', 'mane', 'chhe']"
2430,HM,Hadha lagakrto dhe kho,Hadha lagakrto dhe kho,Hadha lagakrto dhe kho,22,22,22,"['hadha', 'lagakrto', 'dhe', 'kho']"
2445,HM,Indiragandhi.rajivgandhi LA game ho gaya to modi kis khat ki muli hay modi koi bhagvan nahi karm Karo fal ki asha mat rakhyo,Indiragandhirajivgandhi LA game ho gaya to modi kis khat ki muli hay modi koi bhagvan nahi karm Karo fal ki asha mat rakhyo,Indiragandhirajivgandhi LA game ho gaya to modi kis khat ki muli hay modi koi bhagvan nahi karm Karo fal ki asha mat rakhyo,124,123,123,"['indiragandhirajivgandhi', 'la', 'game', 'ho', 'gaya', 'to', 'modi', 'kis', 'khat', 'ki', 'muli', 'hay', 'modi', 'koi', 'bhagvan', 'nahi', 'karm', 'karo', 'fal', 'ki', 'asha', 'mat', 'rakhyo']"
2523,HM,Himesh Reshammiya ko Gujarati language aati hai mujhe aaj Pata Chala .....ğŸ˜±ğŸ˜±ğŸ˜±,Himesh Reshammiya ko Gujarati language aati hai mujhe aaj Pata Chala ğŸ˜±ğŸ˜±ğŸ˜±,Himesh Reshammiya ko Gujarati language aati hai mujhe aaj Pata Chala ,77,72,69,"['himesh', 'reshammiya', 'ko', 'gujarati', 'language', 'aati', 'hai', 'mujhe', 'aaj', 'pata', 'chala', '']"
2570,HM,nhai hath ki axcent dena jaruri hai kya,nhai hath ki axcent dena jaruri hai kya,nhai hath ki axcent dena jaruri hai kya,39,39,39,"['nhai', 'hath', 'ki', 'axcent', 'dena', 'jaruri', 'hai', 'kya']"
2630,HM,Kyaa bat hai dada kyaa gajab gujraati bolte ho,Kyaa bat hai dada kyaa gajab gujraati bolte ho,Kyaa bat hai dada kyaa gajab gujraati bolte ho,46,46,46,"['kyaa', 'bat', 'hai', 'dada', 'kyaa', 'gajab', 'gujraati', 'bolte', 'ho']"
2723,HM,"bhai hath kitna bhi hilao hawe mein , surr lag nahi laag rahe hai",bhai hath kitna bhi hilao hawe mein  surr lag nahi laag rahe hai,bhai hath kitna bhi hilao hawe mein  surr lag nahi laag rahe hai,65,64,64,"['bhai', 'hath', 'kitna', 'bhi', 'hilao', 'hawe', 'mein', 'surr', 'lag', 'nahi', 'laag', 'rahe', 'hai']"
2740,HM,Himesh Bhai maja Aagayaa apki gujrati langvej me,Himesh Bhai maja Aagayaa apki gujrati langvej me,Himesh Bhai maja Aagayaa apki gujrati langvej me,48,48,48,"['himesh', 'bhai', 'maja', 'aagayaa', 'apki', 'gujrati', 'langvej', 'me']"
2741,HM,muje pata nai tha apko gujrati aati he,muje pata nai tha apko gujrati aati he,muje pata nai tha apko gujrati aati he,38,38,38,"['muje', 'pata', 'nai', 'tha', 'apko', 'gujrati', 'aati', 'he']"
2828,HM,Sir aapko Gujarati ati h to kabhi bola kro,Sir aapko Gujarati ati h to kabhi bola kro,Sir aapko Gujarati ati h to kabhi bola kro,42,42,42,"['sir', 'aapko', 'gujarati', 'ati', 'h', 'to', 'kabhi', 'bola', 'kro']"
2902,HM,Aap gujrati bhut achi bol lete ho himesh ji,Aap gujrati bhut achi bol lete ho himesh ji,Aap gujrati bhut achi bol lete ho himesh ji,43,43,43,"['aap', 'gujrati', 'bhut', 'achi', 'bol', 'lete', 'ho', 'himesh', 'ji']"
2912,HM,Gujrati me ek song bnao,Gujrati me ek song bnao,Gujrati me ek song bnao,23,23,23,"['gujrati', 'me', 'ek', 'song', 'bnao']"
2914,HM,E apna bhai ala re  ,E apna bhai ala re  ,E apna bhai ala re  ,20,20,20,"['e', 'apna', 'bhai', 'ala', 're', '']"
2950,HM,sar aapko gujrati aavlese achhu visvas nahi hota sar,sar aapko gujrati aavlese achhu visvas nahi hota sar,sar aapko gujrati aavlese achhu visvas nahi hota sar,52,52,52,"['sar', 'aapko', 'gujrati', 'aavlese', 'achhu', 'visvas', 'nahi', 'hota', 'sar']"
2980,HM,sab jagah Gujarati haiğŸ†ğŸ† ,sab jagah Gujarati haiğŸ†ğŸ† ,sab jagah Gujarati hai ,25,25,23,"['sab', 'jagah', 'gujarati', 'hai', '']"
2995,HM,6:20 - 6:50 ye kounsi ethnicity hai ... ,620  650 ye kounsi ethnicity hai  ,620  650 ye kounsi ethnicity hai  ,40,34,34,"['620', '650', 'ye', 'kounsi', 'ethnicity', 'hai', '']"
3024,HM,Aap press reporter ager ye kaam karsakte ho to fir police q Nahi ????,Aap press reporter ager ye kaam karsakte ho to fir police q Nahi ,Aap press reporter ager ye kaam karsakte ho to fir police q Nahi ,69,65,65,"['aap', 'press', 'reporter', 'ager', 'ye', 'kaam', 'karsakte', 'ho', 'to', 'fir', 'police', 'q', 'nahi', '']"
3050,HM,Police ki Milibhagat,Police ki Milibhagat,Police ki Milibhagat,20,20,20,"['police', 'ki', 'milibhagat']"
3075,HM,"Areee ye to half  report hai...is me ten darwaja... Sarangpur,,  aur juhapura,  shahealam etc etc to add Karo.... jaha drugs,,  chars,  cocan,  aur MD melta haiâ€¦",Areee ye to half  report haiis me ten darwaja Sarangpur  aur juhapura  shahealam etc etc to add Karo jaha drugs  chars  cocan  aur MD melta haiâ€¦,Areee ye to half  report haiis me ten darwaja Sarangpur  aur juhapura  shahealam etc etc to add Karo jaha drugs  chars  cocan  aur MD melta hai,161,144,143,"['areee', 'ye', 'to', 'half', 'report', 'haiis', 'me', 'ten', 'darwaja', 'sarangpur', 'aur', 'juhapura', 'shahealam', 'etc', 'etc', 'to', 'add', 'karo', 'jaha', 'drugs', 'chars', 'cocan', 'aur', 'md', 'melta', 'hai']"
3076,HM, And police Sab jante hai but hamra Khaa kar chup...!!   , And police Sab jante hai but hamra Khaa kar chup   , And police Sab jante hai but hamra Khaa kar chup   ,57,52,52,"['', 'and', 'police', 'sab', 'jante', 'hai', 'but', 'hamra', 'khaa', 'kar', 'chup', '']"
3077,HM,Aur logo ko pakad bhe lete hai..,Aur logo ko pakad bhe lete hai,Aur logo ko pakad bhe lete hai,32,30,30,"['aur', 'logo', 'ko', 'pakad', 'bhe', 'lete', 'hai']"
3078,HM, But fir pese Khaa kar chup...!!  Na koi mokadama na Cort kachare...!!  , But fir pese Khaa kar chup  Na koi mokadama na Cort kachare  , But fir pese Khaa kar chup  Na koi mokadama na Cort kachare  ,72,62,62,"['', 'but', 'fir', 'pese', 'khaa', 'kar', 'chup', 'na', 'koi', 'mokadama', 'na', 'cort', 'kachare', '']"
3079,HM, Aur bhe bohot gunh ho rahe hai hamre city me but police chup.......!!  , Aur bhe bohot gunh ho rahe hai hamre city me but police chup  , Aur bhe bohot gunh ho rahe hai hamre city me but police chup  ,72,63,63,"['', 'aur', 'bhe', 'bohot', 'gunh', 'ho', 'rahe', 'hai', 'hamre', 'city', 'me', 'but', 'police', 'chup', '']"
3080,HM, Une k mooh me pese Jo dhoose huwe hai..!!, Une k mooh me pese Jo dhoose huwe hai, Une k mooh me pese Jo dhoose huwe hai,42,38,38,"['', 'une', 'k', 'mooh', 'me', 'pese', 'jo', 'dhoose', 'huwe', 'hai']"
3102,HM,Meri saans ko to rok loge sahab ye hawa ko kese rokoge...Ã°Å¸Ëœâ€šÃ°Å¸Â¤Â£Ã°Å¸Â¤Â£ lit fuck raeesÃ°Å¸ËœÅ½Ã°Å¸ËœÅ½Ã°Å¸ËœÅ½,Meri saans ko to rok loge sahab ye hawa ko kese rokogeÃ°Å¸Ëœâ€šÃ°Å¸Â¤Â£Ã°Å¸Â¤Â£ lit fuck raeesÃ°Å¸ËœÅ½Ã°Å¸ËœÅ½Ã°Å¸ËœÅ½,Meri saans ko to rok loge sahab ye hawa ko kese rokoge lit fuck raees,96,93,69,"['meri', 'saans', 'ko', 'to', 'rok', 'loge', 'sahab', 'ye', 'hawa', 'ko', 'kese', 'rokoge', 'lit', 'fuck', 'raees']"
3113,HM,Kisi din juhapura me round marna ye sab kuch nahi hai juhapura ke agw,Kisi din juhapura me round marna ye sab kuch nahi hai juhapura ke agw,Kisi din juhapura me round marna ye sab kuch nahi hai juhapura ke agw,69,69,69,"['kisi', 'din', 'juhapura', 'me', 'round', 'marna', 'ye', 'sab', 'kuch', 'nahi', 'hai', 'juhapura', 'ke', 'agw']"
3121,HM,.  ......... Hi chor he.,   Hi chor he,   Hi chor he,24,13,13,"['', 'hi', 'chor', 'he']"
3131,HM,Gujarat me sab kuch milta hai bus rate double lagta hai .....,Gujarat me sab kuch milta hai bus rate double lagta hai ,Gujarat me sab kuch milta hai bus rate double lagta hai ,61,56,56,"['gujarat', 'me', 'sab', 'kuch', 'milta', 'hai', 'bus', 'rate', 'double', 'lagta', 'hai', '']"
3132,HM,.wo government Ko sab pta hai kyu ki wohi chala rahe hai......,wo government Ko sab pta hai kyu ki wohi chala rahe hai,wo government Ko sab pta hai kyu ki wohi chala rahe hai,62,55,55,"['wo', 'government', 'ko', 'sab', 'pta', 'hai', 'kyu', 'ki', 'wohi', 'chala', 'rahe', 'hai']"
3159,HM,Chokidar  ki sarkar .... ! Jay ho vikas no,Chokidar  ki sarkar   Jay ho vikas no,Chokidar  ki sarkar   Jay ho vikas no,42,37,37,"['chokidar', 'ki', 'sarkar', 'jay', 'ho', 'vikas', 'no']"
3164,HM,Himmat Ho to jo police hafte Leti he unka kar k batao....,Himmat Ho to jo police hafte Leti he unka kar k batao,Himmat Ho to jo police hafte Leti he unka kar k batao,57,53,53,"['himmat', 'ho', 'to', 'jo', 'police', 'hafte', 'leti', 'he', 'unka', 'kar', 'k', 'batao']"
3165,HM,sirf trp k liye Sab kar rahe ho baad main tumhare pas paisa pahoch jaega tum b chup or jesa tha wesa chalu,sirf trp k liye Sab kar rahe ho baad main tumhare pas paisa pahoch jaega tum b chup or jesa tha wesa chalu,sirf trp k liye Sab kar rahe ho baad main tumhare pas paisa pahoch jaega tum b chup or jesa tha wesa chalu,106,106,106,"['sirf', 'trp', 'k', 'liye', 'sab', 'kar', 'rahe', 'ho', 'baad', 'main', 'tumhare', 'pas', 'paisa', 'pahoch', 'jaega', 'tum', 'b', 'chup', 'or', 'jesa', 'tha', 'wesa', 'chalu']"
3166,HM,Ye to baad main. Band Ho jaega... ,Ye to baad main Band Ho jaega ,Ye to baad main Band Ho jaega ,34,30,30,"['ye', 'to', 'baad', 'main', 'band', 'ho', 'jaega', '']"
3208,HM,Congress zimmedar hai,Congress zimmedar hai,Congress zimmedar hai,21,21,21,"['congress', 'zimmedar', 'hai']"
3223,HM,Encounter karo salo ka ...,Encounter karo salo ka ,Encounter karo salo ka ,26,23,23,"['encounter', 'karo', 'salo', 'ka', '']"
3253,HM,Udata ahemdabad,Udata ahemdabad,Udata ahemdabad,15,15,15,"['udata', 'ahemdabad']"
3262,HM,Police hi indirectly ye sub kar rahi he...encounter karo to hi ye bandh hoga,Police hi indirectly ye sub kar rahi heencounter karo to hi ye bandh hoga,Police hi indirectly ye sub kar rahi heencounter karo to hi ye bandh hoga,76,73,73,"['police', 'hi', 'indirectly', 'ye', 'sub', 'kar', 'rahi', 'heencounter', 'karo', 'to', 'hi', 'ye', 'bandh', 'hoga']"
3287,HM,jutha aadmi..,jutha aadmi,jutha aadmi,13,11,11,"['jutha', 'aadmi']"
3291,HM,Khada Hai Patidar Ke Log office mein baith kar nahi aati hai,Khada Hai Patidar Ke Log office mein baith kar nahi aati hai,Khada Hai Patidar Ke Log office mein baith kar nahi aati hai,60,60,60,"['khada', 'hai', 'patidar', 'ke', 'log', 'office', 'mein', 'baith', 'kar', 'nahi', 'aati', 'hai']"
3297,HM,Aadat Ko Mil Gaya gana nahi milegi Namaz ke liye kuch khona padta hai KRK kuch Hamara delete delete Samaj ka logo se jyada its border pe Khada Hai nange pair heart making machine Leke border pe ,Aadat Ko Mil Gaya gana nahi milegi Namaz ke liye kuch khona padta hai KRK kuch Hamara delete delete Samaj ka logo se jyada its border pe Khada Hai nange pair heart making machine Leke border pe ,Aadat Ko Mil Gaya gana nahi milegi Namaz ke liye kuch khona padta hai KRK kuch Hamara delete delete Samaj ka logo se jyada its border pe Khada Hai nange pair heart making machine Leke border pe ,194,194,194,"['aadat', 'ko', 'mil', 'gaya', 'gana', 'nahi', 'milegi', 'namaz', 'ke', 'liye', 'kuch', 'khona', 'padta', 'hai', 'krk', 'kuch', 'hamara', 'delete', 'delete', 'samaj', 'ka', 'logo', 'se', 'jyada', 'its', 'border', 'pe', 'khada', 'hai', 'nange', 'pair', 'heart', 'making', 'machine', 'leke', 'border', 'pe', '']"
3374,HM,Ye naya Hindustan hai,Ye naya Hindustan hai,Ye naya Hindustan hai,21,21,21,"['ye', 'naya', 'hindustan', 'hai']"
3375,HM,Salao ne have kapvaj padse 2002 ni jemâš”,Salao ne have kapvaj padse 2002 ni jemâš”,Salao ne have kapvaj padse 2002 ni jem,39,39,38,"['salao', 'ne', 'have', 'kapvaj', 'padse', '2002', 'ni', 'jem']"
3382,HM, aatank vad kaa koi dhram nai hota, aatank vad kaa koi dhram nai hota, aatank vad kaa koi dhram nai hota,34,34,34,"['', 'aatank', 'vad', 'kaa', 'koi', 'dhram', 'nai', 'hota']"
3383,HM,Me khali aatank vad ke khilaf hu bhai jai hind ğŸ™ğŸ™,Me khali aatank vad ke khilaf hu bhai jai hind ğŸ™ğŸ™,Me khali aatank vad ke khilaf hu bhai jai hind ,49,49,47,"['me', 'khali', 'aatank', 'vad', 'ke', 'khilaf', 'hu', 'bhai', 'jai', 'hind', '']"
3392,HM,Golimaardo salon ko jindagi se badi naukari thodi Na Hai jindagi Hai to naukari goli maar Deni chahie,Golimaardo salon ko jindagi se badi naukari thodi Na Hai jindagi Hai to naukari goli maar Deni chahie,Golimaardo salon ko jindagi se badi naukari thodi Na Hai jindagi Hai to naukari goli maar Deni chahie,101,101,101,"['golimaardo', 'salon', 'ko', 'jindagi', 'se', 'badi', 'naukari', 'thodi', 'na', 'hai', 'jindagi', 'hai', 'to', 'naukari', 'goli', 'maar', 'deni', 'chahie']"
3393,HM,Bhut acha kiya,Bhut acha kiya,Bhut acha kiya,14,14,14,"['bhut', 'acha', 'kiya']"
3395,HM,Kabhi kisano pusa he ??? ,Kabhi kisano pusa he  ,Kabhi kisano pusa he  ,25,22,22,"['kabhi', 'kisano', 'pusa', 'he', '']"
3396,HM,Lathi charge Karene valoko isi prkar thoko :-) :-),Lathi charge Karene valoko isi prkar thoko  ,Lathi charge Karene valoko isi prkar thoko  ,50,44,44,"['lathi', 'charge', 'karene', 'valoko', 'isi', 'prkar', 'thoko', '']"
3414,HM,polish ne ak47 deni sahiye or je pathar marne wale gup ko marogoli  ya fir pulish ki gaddi peed me salakar kusldalo hijde ko ye koi rit hai pulish par pathar marne ki ek ek ko maro samdiya khisdalo shaloki,polish ne ak47 deni sahiye or je pathar marne wale gup ko marogoli  ya fir pulish ki gaddi peed me salakar kusldalo hijde ko ye koi rit hai pulish par pathar marne ki ek ek ko maro samdiya khisdalo shaloki,polish ne ak47 deni sahiye or je pathar marne wale gup ko marogoli  ya fir pulish ki gaddi peed me salakar kusldalo hijde ko ye koi rit hai pulish par pathar marne ki ek ek ko maro samdiya khisdalo shaloki,205,205,205,"['polish', 'ne', 'ak47', 'deni', 'sahiye', 'or', 'je', 'pathar', 'marne', 'wale', 'gup', 'ko', 'marogoli', 'ya', 'fir', 'pulish', 'ki', 'gaddi', 'peed', 'me', 'salakar', 'kusldalo', 'hijde', 'ko', 'ye', 'koi', 'rit', 'hai', 'pulish', 'par', 'pathar', 'marne', 'ki', 'ek', 'ek', 'ko', 'maro', 'samdiya', 'khisdalo', 'shaloki']"
3420,HM,"Jay hind 
 Hindu ek ho jav","Jay hind 
 Hindu ek ho jav","Jay hind 
 Hindu ek ho jav",26,26,26,"['jay', 'hind', 'hindu', 'ek', 'ho', 'jav']"
3423,HM,Desh me ekta cahiye Hindu Muslim bhai bhai rehna achiye,Desh me ekta cahiye Hindu Muslim bhai bhai rehna achiye,Desh me ekta cahiye Hindu Muslim bhai bhai rehna achiye,55,55,55,"['desh', 'me', 'ekta', 'cahiye', 'hindu', 'muslim', 'bhai', 'bhai', 'rehna', 'achiye']"
3424,HM,Bhai ye ladai sarkar se h police se nahi,Bhai ye ladai sarkar se h police se nahi,Bhai ye ladai sarkar se h police se nahi,40,40,40,"['bhai', 'ye', 'ladai', 'sarkar', 'se', 'h', 'police', 'se', 'nahi']"
3425,HM,Esa mat karo akhir police wale bhi hamare femily jese hi h jo duty pe h yaar..... Samjo Or sambhalo,Esa mat karo akhir police wale bhi hamare femily jese hi h jo duty pe h yaar Samjo Or sambhalo,Esa mat karo akhir police wale bhi hamare femily jese hi h jo duty pe h yaar Samjo Or sambhalo,99,94,94,"['esa', 'mat', 'karo', 'akhir', 'police', 'wale', 'bhi', 'hamare', 'femily', 'jese', 'hi', 'h', 'jo', 'duty', 'pe', 'h', 'yaar', 'samjo', 'or', 'sambhalo']"
3433,HM,Modiji hame chuth do,Modiji hame chuth do,Modiji hame chuth do,20,20,20,"['modiji', 'hame', 'chuth', 'do']"
3435,HM,Aallah ke sat in mulo ko des she bahar nikal dena chahiye,Aallah ke sat in mulo ko des she bahar nikal dena chahiye,Aallah ke sat in mulo ko des she bahar nikal dena chahiye,57,57,57,"['aallah', 'ke', 'sat', 'in', 'mulo', 'ko', 'des', 'she', 'bahar', 'nikal', 'dena', 'chahiye']"
3436,HM,Kute mule,Kute mule,Kute mule,9,9,9,"['kute', 'mule']"
3438,HM,Tum log halwa mat samjho hume mitane ka khuwab dekh rahe ho tumhari pithi khatam ho jaygi magrr hum nahi,Tum log halwa mat samjho hume mitane ka khuwab dekh rahe ho tumhari pithi khatam ho jaygi magrr hum nahi,Tum log halwa mat samjho hume mitane ka khuwab dekh rahe ho tumhari pithi khatam ho jaygi magrr hum nahi,104,104,104,"['tum', 'log', 'halwa', 'mat', 'samjho', 'hume', 'mitane', 'ka', 'khuwab', 'dekh', 'rahe', 'ho', 'tumhari', 'pithi', 'khatam', 'ho', 'jaygi', 'magrr', 'hum', 'nahi']"
3440,HM,ye accha nai hua ,ye accha nai hua ,ye accha nai hua ,17,17,17,"['ye', 'accha', 'nai', 'hua', '']"
3441,HM, islam iski ijazat nai deta.. , islam iski ijazat nai deta , islam iski ijazat nai deta ,30,28,28,"['', 'islam', 'iski', 'ijazat', 'nai', 'deta', '']"
3442,HM, police ka isme kya kasur tha...vo bi kisi maa k bete honge .... , police ka isme kya kasur thavo bi kisi maa k bete honge  , police ka isme kya kasur thavo bi kisi maa k bete honge  ,65,58,58,"['', 'police', 'ka', 'isme', 'kya', 'kasur', 'thavo', 'bi', 'kisi', 'maa', 'k', 'bete', 'honge', '']"
3443,HM, islam me begunaho ko marna haram hai..., islam me begunaho ko marna haram hai, islam me begunaho ko marna haram hai,40,37,37,"['', 'islam', 'me', 'begunaho', 'ko', 'marna', 'haram', 'hai']"
3463,HM,Bhai mujhe koi NRC nahi chahiye mujhe Suvar mukt Bharat chahiye.,Bhai mujhe koi NRC nahi chahiye mujhe Suvar mukt Bharat chahiye,Bhai mujhe koi NRC nahi chahiye mujhe Suvar mukt Bharat chahiye,64,63,63,"['bhai', 'mujhe', 'koi', 'nrc', 'nahi', 'chahiye', 'mujhe', 'suvar', 'mukt', 'bharat', 'chahiye']"
3468,HM,Police se dushmani bahot mahangi padegi kuch dino me suvaro,Police se dushmani bahot mahangi padegi kuch dino me suvaro,Police se dushmani bahot mahangi padegi kuch dino me suvaro,59,59,59,"['police', 'se', 'dushmani', 'bahot', 'mahangi', 'padegi', 'kuch', 'dino', 'me', 'suvaro']"
3469,HM,Ye kasmir nhi he ,Ye kasmir nhi he ,Ye kasmir nhi he ,17,17,17,"['ye', 'kasmir', 'nhi', 'he', '']"
3527,HM,"oye sun , shaadi karle mujhseğŸ¥°",oye sun  shaadi karle mujhseğŸ¥°,oye sun  shaadi karle mujhse,30,29,28,"['oye', 'sun', 'shaadi', 'karle', 'mujhse']"
3556,HM,Mast..â¤â£Ye gaana purana ho gaya hai koi nahi sunta-ğŸ˜¢ğŸ˜¢,Mastâ¤â£Ye gaana purana ho gaya hai koi nahi suntağŸ˜¢ğŸ˜¢,MastYe gaana purana ho gaya hai koi nahi sunta,53,50,46,"['mastye', 'gaana', 'purana', 'ho', 'gaya', 'hai', 'koi', 'nahi', 'sunta']"
3559,HM,December may kon kon sun raha hai plzzz like,December may kon kon sun raha hai plzzz like,December may kon kon sun raha hai plzzz like,44,44,44,"['december', 'may', 'kon', 'kon', 'sun', 'raha', 'hai', 'plzzz', 'like']"
3573,HM,Mast h,Mast h,Mast h,6,6,6,"['mast', 'h']"
3576,HM,Kinjal dav achha gati hai na,Kinjal dav achha gati hai na,Kinjal dav achha gati hai na,28,28,28,"['kinjal', 'dav', 'achha', 'gati', 'hai', 'na']"
3577,HM,Ishka original vedio jispr 150 million hit the na jane kaise youtune se gyab ho gya,Ishka original vedio jispr 150 million hit the na jane kaise youtune se gyab ho gya,Ishka original vedio jispr 150 million hit the na jane kaise youtune se gyab ho gya,83,83,83,"['ishka', 'original', 'vedio', 'jispr', '150', 'million', 'hit', 'the', 'na', 'jane', 'kaise', 'youtune', 'se', 'gyab', 'ho', 'gya']"
3580,HM,2020 KA SONG KAISA HAI NEW KUCH NAYA,2020 KA SONG KAISA HAI NEW KUCH NAYA,2020 KA SONG KAISA HAI NEW KUCH NAYA,36,36,36,"['2020', 'ka', 'song', 'kaisa', 'hai', 'new', 'kuch', 'naya']"
3591,HM,2019 me Kon kon sunta he,2019 me Kon kon sunta he,2019 me Kon kon sunta he,24,24,24,"['2019', 'me', 'kon', 'kon', 'sunta', 'he']"
3595,HM,25th December ko kon aye song soon raha h,25th December ko kon aye song soon raha h,25th December ko kon aye song soon raha h,41,41,41,"['25th', 'december', 'ko', 'kon', 'aye', 'song', 'soon', 'raha', 'h']"
3602,HM,Bahut khub bhai,Bahut khub bhai,Bahut khub bhai,15,15,15,"['bahut', 'khub', 'bhai']"
3604,HM,Super hit Dave ji hum to Assam se hoon fhir bhi apka gana sunti hoon .,Super hit Dave ji hum to Assam se hoon fhir bhi apka gana sunti hoon ,Super hit Dave ji hum to Assam se hoon fhir bhi apka gana sunti hoon ,70,69,69,"['super', 'hit', 'dave', 'ji', 'hum', 'to', 'assam', 'se', 'hoon', 'fhir', 'bhi', 'apka', 'gana', 'sunti', 'hoon', '']"
3615,HM,Galat speling hai ODI KI,Galat speling hai ODI KI,Galat speling hai ODI KI,24,24,24,"['galat', 'speling', 'hai', 'odi', 'ki']"
3625,HM,3 1 2020 ko me sun raha hu aaj firse ek bar bhai aa geet reva dejo maste geet 6e mane bov game 6e aa song,3 1 2020 ko me sun raha hu aaj firse ek bar bhai aa geet reva dejo maste geet 6e mane bov game 6e aa song,3 1 2020 ko me sun raha hu aaj firse ek bar bhai aa geet reva dejo maste geet 6e mane bov game 6e aa song,105,105,105,"['3', '1', '2020', 'ko', 'me', 'sun', 'raha', 'hu', 'aaj', 'firse', 'ek', 'bar', 'bhai', 'aa', 'geet', 'reva', 'dejo', 'maste', 'geet', '6e', 'mane', 'bov', 'game', '6e', 'aa', 'song']"
3626,HM,Kon kon ye song 2020me sun raha hai vo like kre,Kon kon ye song 2020me sun raha hai vo like kre,Kon kon ye song 2020me sun raha hai vo like kre,47,47,47,"['kon', 'kon', 'ye', 'song', '2020me', 'sun', 'raha', 'hai', 'vo', 'like', 'kre']"
3631,HM,Gaana to jo entry ne gadi pe bja tha vo bhi psnd aa gya,Gaana to jo entry ne gadi pe bja tha vo bhi psnd aa gya,Gaana to jo entry ne gadi pe bja tha vo bhi psnd aa gya,55,55,55,"['gaana', 'to', 'jo', 'entry', 'ne', 'gadi', 'pe', 'bja', 'tha', 'vo', 'bhi', 'psnd', 'aa', 'gya']"
3633,HM,2020 mein kon kon sunrahahe please like kare,2020 mein kon kon sunrahahe please like kare,2020 mein kon kon sunrahahe please like kare,44,44,44,"['2020', 'mein', 'kon', 'kon', 'sunrahahe', 'please', 'like', 'kare']"
3658,HM,Piyush Dj bahut accha song,Piyush Dj bahut accha song,Piyush Dj bahut accha song,26,26,26,"['piyush', 'dj', 'bahut', 'accha', 'song']"
3707,HM,Laya laya,Laya laya,Laya laya,9,9,9,"['laya', 'laya']"
3708,HM,ksm se sunkr aashu aa gye,ksm se sunkr aashu aa gye,ksm se sunkr aashu aa gye,25,25,25,"['ksm', 'se', 'sunkr', 'aashu', 'aa', 'gye']"
3726,HM,Very heart touching video yrrâ€¦,Very heart touching video yrrâ€¦,Very heart touching video yrr,30,30,29,"['very', 'heart', 'touching', 'video', 'yrr']"
3728,HM,Really yr kiya gaya h ek number song h yr ğŸ¤©ğŸ¤©ğŸ¤©ğŸ¤©ğŸ¤©ğŸ¤©,Really yr kiya gaya h ek number song h yr ğŸ¤©ğŸ¤©ğŸ¤©ğŸ¤©ğŸ¤©ğŸ¤©,Really yr kiya gaya h ek number song h yr ,48,48,42,"['really', 'yr', 'kiya', 'gaya', 'h', 'ek', 'number', 'song', 'h', 'yr', '']"
3729,HM,Bhaiya mere papa ko smbhalyega....,Bhaiya mere papa ko smbhalyega,Bhaiya mere papa ko smbhalyega,34,30,30,"['bhaiya', 'mere', 'papa', 'ko', 'smbhalyega']"
3740,HM,Samajh nahi aia but mast h,Samajh nahi aia but mast h,Samajh nahi aia but mast h,26,26,26,"['samajh', 'nahi', 'aia', 'but', 'mast', 'h']"
3753,HM,Mast song h yrr Rona bhi aagya ,Mast song h yrr Rona bhi aagya ,Mast song h yrr Rona bhi aagya ,31,31,31,"['mast', 'song', 'h', 'yrr', 'rona', 'bhi', 'aagya', '']"
3756,HM,isha pure hindi bhi kar do plz,isha pure hindi bhi kar do plz,isha pure hindi bhi kar do plz,30,30,30,"['isha', 'pure', 'hindi', 'bhi', 'kar', 'do', 'plz']"
3762,HM,Mai emotionless hoon rona nai arra,Mai emotionless hoon rona nai arra,Mai emotionless hoon rona nai arra,34,34,34,"['mai', 'emotionless', 'hoon', 'rona', 'nai', 'arra']"
3763,HM,Behno Ka pahla Hero Unka Bhai Hi Hota Hai,Behno Ka pahla Hero Unka Bhai Hi Hota Hai,Behno Ka pahla Hero Unka Bhai Hi Hota Hai,41,41,41,"['behno', 'ka', 'pahla', 'hero', 'unka', 'bhai', 'hi', 'hota', 'hai']"
3771,HM,Is gane ko jitni bar suna he utni bar roi huğŸ˜¥ğŸ˜¥ğŸ˜¥ğŸ˜¥,Is gane ko jitni bar suna he utni bar roi huğŸ˜¥ğŸ˜¥ğŸ˜¥ğŸ˜¥,Is gane ko jitni bar suna he utni bar roi hu,48,48,44,"['is', 'gane', 'ko', 'jitni', 'bar', 'suna', 'he', 'utni', 'bar', 'roi', 'hu']"
3772,HM,Rula diya re bhai age Mai km Lagh raha Hai,Rula diya re bhai age Mai km Lagh raha Hai,Rula diya re bhai age Mai km Lagh raha Hai,42,42,42,"['rula', 'diya', 're', 'bhai', 'age', 'mai', 'km', 'lagh', 'raha', 'hai']"
3783,HM,Bohot accha he yarrr,Bohot accha he yarrr,Bohot accha he yarrr,20,20,20,"['bohot', 'accha', 'he', 'yarrr']"
3787,HM,Ye song ek bar add p dekha th n mene..,Ye song ek bar add p dekha th n mene,Ye song ek bar add p dekha th n mene,38,36,36,"['ye', 'song', 'ek', 'bar', 'add', 'p', 'dekha', 'th', 'n', 'mene']"
3790,HM,really dil ko chu gaya,really dil ko chu gaya,really dil ko chu gaya,22,22,22,"['really', 'dil', 'ko', 'chu', 'gaya']"
3814,HM, uske bad itta search kiya, uske bad itta search kiya, uske bad itta search kiya,26,26,26,"['', 'uske', 'bad', 'itta', 'search', 'kiya']"
3815,HM, Aaj wapas search kiya to Mila.... , Aaj wapas search kiya to Mila , Aaj wapas search kiya to Mila ,35,31,31,"['', 'aaj', 'wapas', 'search', 'kiya', 'to', 'mila', '']"
3816,HM,So heart touching song .. very emotional ğŸ˜¥,So heart touching song  very emotional ğŸ˜¥,So heart touching song  very emotional ,42,40,39,"['so', 'heart', 'touching', 'song', 'very', 'emotional', '']"
3817,HM,bhutt rona aata h sunkr schiiğŸ˜“ğŸ˜­ğŸ˜­ğŸ˜“,bhutt rona aata h sunkr schiiğŸ˜“ğŸ˜­ğŸ˜­ğŸ˜“,bhutt rona aata h sunkr schii,33,33,29,"['bhutt', 'rona', 'aata', 'h', 'sunkr', 'schii']"
3824,HM,Jay ho,Jay ho,Jay ho,6,6,6,"['jay', 'ho']"
3846,HM,Bahut suparb voise h aapki,Bahut suparb voise h aapki,Bahut suparb voise h aapki,26,26,26,"['bahut', 'suparb', 'voise', 'h', 'aapki']"
3922,HM,is poem ke liye muje bahot mar pdi he yad nai rheti thi yaar,is poem ke liye muje bahot mar pdi he yad nai rheti thi yaar,is poem ke liye muje bahot mar pdi he yad nai rheti thi yaar,60,60,60,"['is', 'poem', 'ke', 'liye', 'muje', 'bahot', 'mar', 'pdi', 'he', 'yad', 'nai', 'rheti', 'thi', 'yaar']"
3990,HM,Om bariya mujhe bahut hi achhe lagte h,Om bariya mujhe bahut hi achhe lagte h,Om bariya mujhe bahut hi achhe lagte h,38,38,38,"['om', 'bariya', 'mujhe', 'bahut', 'hi', 'achhe', 'lagte', 'h']"
4044,HM,Bhahut hi achha hai ganaa,Bhahut hi achha hai ganaa,Bhahut hi achha hai ganaa,25,25,25,"['bhahut', 'hi', 'achha', 'hai', 'ganaa']"
4068,HM,Mera fevrit song,Mera fevrit song,Mera fevrit song,16,16,16,"['mera', 'fevrit', 'song']"
4084,HM,"is ladke ki shakl same mer frend se milti h .... 
 amazing","is ladke ki shakl same mer frend se milti h  
 amazing","is ladke ki shakl same mer frend se milti h  
 amazing",58,54,54,"['is', 'ladke', 'ki', 'shakl', 'same', 'mer', 'frend', 'se', 'milti', 'h', 'amazing']"
4103,HM,Bahut mast hai mere Bhai yah song Dil ko chha Gaya super super super hit song number one song,Bahut mast hai mere Bhai yah song Dil ko chha Gaya super super super hit song number one song,Bahut mast hai mere Bhai yah song Dil ko chha Gaya super super super hit song number one song,93,93,93,"['bahut', 'mast', 'hai', 'mere', 'bhai', 'yah', 'song', 'dil', 'ko', 'chha', 'gaya', 'super', 'super', 'super', 'hit', 'song', 'number', 'one', 'song']"
4120,HM,Mast song hai,Mast song hai,Mast song hai,13,13,13,"['mast', 'song', 'hai']"
4121,HM,Nice  song  bhai,Nice  song  bhai,Nice  song  bhai,16,16,16,"['nice', 'song', 'bhai']"
4125,HM,Bhai supar song he,Bhai supar song he,Bhai supar song he,18,18,18,"['bhai', 'supar', 'song', 'he']"
4128,HM,naic ki bolu jan teri ayad me jina h,naic ki bolu jan teri ayad me jina h,naic ki bolu jan teri ayad me jina h,36,36,36,"['naic', 'ki', 'bolu', 'jan', 'teri', 'ayad', 'me', 'jina', 'h']"
4141,HM,50â„… songs ke bol samajh ahe lekin  song bahut achha tha,50â„… songs ke bol samajh ahe lekin  song bahut achha tha,50 songs ke bol samajh ahe lekin  song bahut achha tha,55,55,54,"['50', 'songs', 'ke', 'bol', 'samajh', 'ahe', 'lekin', 'song', 'bahut', 'achha', 'tha']"
4165,HM,Bhot aucha song hai,Bhot aucha song hai,Bhot aucha song hai,19,19,19,"['bhot', 'aucha', 'song', 'hai']"
4168,HM,Me kaya khu .no.1â¤â¤,Me kaya khu no1â¤â¤,Me kaya khu no1,19,17,15,"['me', 'kaya', 'khu', 'no1']"
4173,HM,àª¹àª®àª¨à«‡ àª¤à«‹ àª“ àª–à«‹àª¯àª¾ àªœà«‹ àª¹àª®àª¾àª°àª¾ àª•àª­à«€ àª¥àª¾àª¹à«€ àª¨àª¹à«€àª‚  àª²à«‡àª•à«€àª¨ àª‰àª¸àª¨à«‡ àª“ àª–à«‹àª¯àª¾ àªœà«‹ àª¸à«€àª« àª‰àª¸à«€àª•àª¾ àª¥àª¾,àª¹àª®àª¨à«‡ àª¤à«‹ àª“ àª–à«‹àª¯àª¾ àªœà«‹ àª¹àª®àª¾àª°àª¾ àª•àª­à«€ àª¥àª¾àª¹à«€ àª¨àª¹à«€àª‚  àª²à«‡àª•à«€àª¨ àª‰àª¸àª¨à«‡ àª“ àª–à«‹àª¯àª¾ àªœà«‹ àª¸à«€àª« àª‰àª¸à«€àª•àª¾ àª¥àª¾,àª¹àª®àª¨à«‡ àª¤à«‹ àª“ àª–à«‹àª¯àª¾ àªœà«‹ àª¹àª®àª¾àª°àª¾ àª•àª­à«€ àª¥àª¾àª¹à«€ àª¨àª¹à«€àª‚  àª²à«‡àª•à«€àª¨ àª‰àª¸àª¨à«‡ àª“ àª–à«‹àª¯àª¾ àªœà«‹ àª¸à«€àª« àª‰àª¸à«€àª•àª¾ àª¥àª¾,72,72,72,"['àª¹àª®àª¨à«‡', 'àª¤à«‹', 'àª“', 'àª–à«‹àª¯àª¾', 'àªœà«‹', 'àª¹àª®àª¾àª°àª¾', 'àª•àª­à«€', 'àª¥àª¾àª¹à«€', 'àª¨àª¹à«€àª‚', 'àª²à«‡àª•à«€àª¨', 'àª‰àª¸àª¨à«‡', 'àª“', 'àª–à«‹àª¯àª¾', 'àªœà«‹', 'àª¸à«€àª«', 'àª‰àª¸à«€àª•àª¾', 'àª¥àª¾']"
4204,HM,Shi he bhai,Shi he bhai,Shi he bhai,11,11,11,"['shi', 'he', 'bhai']"
4212,HM,Pyar bhi usi se hota jo bevfa ho,Pyar bhi usi se hota jo bevfa ho,Pyar bhi usi se hota jo bevfa ho,32,32,32,"['pyar', 'bhi', 'usi', 'se', 'hota', 'jo', 'bevfa', 'ho']"
4224,HM,sir es prkar ka gana na to aya he aur nahi koi bana sakta he salute jignesh sir,sir es prkar ka gana na to aya he aur nahi koi bana sakta he salute jignesh sir,sir es prkar ka gana na to aya he aur nahi koi bana sakta he salute jignesh sir,79,79,79,"['sir', 'es', 'prkar', 'ka', 'gana', 'na', 'to', 'aya', 'he', 'aur', 'nahi', 'koi', 'bana', 'sakta', 'he', 'salute', 'jignesh', 'sir']"
4227,HM, yaar tum kahi bi ho muje WhatsApp karo 7878002222, yaar tum kahi bi ho muje WhatsApp karo 7878002222, yaar tum kahi bi ho muje WhatsApp karo 7878002222,50,50,50,"['', 'yaar', 'tum', 'kahi', 'bi', 'ho', 'muje', 'whatsapp', 'karo', '7878002222']"
4228,HM,Yaar meri bi ek  koyi  gf thi usko har new years new I phone deta tha mai wo muje chodke chale gayi,Yaar meri bi ek  koyi  gf thi usko har new years new I phone deta tha mai wo muje chodke chale gayi,Yaar meri bi ek  koyi  gf thi usko har new years new I phone deta tha mai wo muje chodke chale gayi,99,99,99,"['yaar', 'meri', 'bi', 'ek', 'koyi', 'gf', 'thi', 'usko', 'har', 'new', 'years', 'new', 'i', 'phone', 'deta', 'tha', 'mai', 'wo', 'muje', 'chodke', 'chale', 'gayi']"
4234,HM,My love lyf bilkul perfect but fir b song bhut achha lagta,My love lyf bilkul perfect but fir b song bhut achha lagta,My love lyf bilkul perfect but fir b song bhut achha lagta,58,58,58,"['my', 'love', 'lyf', 'bilkul', 'perfect', 'but', 'fir', 'b', 'song', 'bhut', 'achha', 'lagta']"
4242,HM,Kon kon sun rha he bhai #2019 me,Kon kon sun rha he bhai 2019 me,Kon kon sun rha he bhai 2019 me,32,31,31,"['kon', 'kon', 'sun', 'rha', 'he', 'bhai', '2019', 'me']"
4250,HM,Aa song ğŸ¶ badiya lage bhai bau song aankha Gujarat i,Aa song ğŸ¶ badiya lage bhai bau song aankha Gujarat i,Aa song  badiya lage bhai bau song aankha Gujarat i,52,52,51,"['aa', 'song', 'badiya', 'lage', 'bhai', 'bau', 'song', 'aankha', 'gujarat', 'i']"
4253,HM,Kis Kis ko yi gana sun Kare ankh me aansu aa gaye vo ek like kare,Kis Kis ko yi gana sun Kare ankh me aansu aa gaye vo ek like kare,Kis Kis ko yi gana sun Kare ankh me aansu aa gaye vo ek like kare,65,65,65,"['kis', 'kis', 'ko', 'yi', 'gana', 'sun', 'kare', 'ankh', 'me', 'aansu', 'aa', 'gaye', 'vo', 'ek', 'like', 'kare']"
4256,HM,Mai bhi sadme mai hu,Mai bhi sadme mai hu,Mai bhi sadme mai hu,20,20,20,"['mai', 'bhi', 'sadme', 'mai', 'hu']"
4265,HM,Mane pan Maro Juno love yaad aave 6e. Miss you p.,Mane pan Maro Juno love yaad aave 6e Miss you p,Mane pan Maro Juno love yaad aave 6e Miss you p,49,47,47,"['mane', 'pan', 'maro', 'juno', 'love', 'yaad', 'aave', '6e', 'miss', 'you', 'p']"
4267,HM,Kudh pe bharosha hai ki tujhe pa sakta hu par bhagay me tu nahi hai    ğŸ˜£ğŸ˜¥ğŸ˜·ğŸ˜·ğŸ˜·ğŸ˜µğŸ˜µğŸ˜µğŸ˜µğŸ˜µ,Kudh pe bharosha hai ki tujhe pa sakta hu par bhagay me tu nahi hai    ğŸ˜£ğŸ˜¥ğŸ˜·ğŸ˜·ğŸ˜·ğŸ˜µğŸ˜µğŸ˜µğŸ˜µğŸ˜µ,Kudh pe bharosha hai ki tujhe pa sakta hu par bhagay me tu nahi hai    ,81,81,71,"['kudh', 'pe', 'bharosha', 'hai', 'ki', 'tujhe', 'pa', 'sakta', 'hu', 'par', 'bhagay', 'me', 'tu', 'nahi', 'hai', '']"
4268,HM,Bhai kon kon 2019 me sun rha ahe âœŒ,Bhai kon kon 2019 me sun rha ahe âœŒ,Bhai kon kon 2019 me sun rha ahe ,34,34,33,"['bhai', 'kon', 'kon', '2019', 'me', 'sun', 'rha', 'ahe', '']"
4269,HM,Very nice song mrko bhut psnd aaya h,Very nice song mrko bhut psnd aaya h,Very nice song mrko bhut psnd aaya h,36,36,36,"['very', 'nice', 'song', 'mrko', 'bhut', 'psnd', 'aaya', 'h']"
4273,HM,Dua Mai Yaad Rakhna,Dua Mai Yaad Rakhna,Dua Mai Yaad Rakhna,19,19,19,"['dua', 'mai', 'yaad', 'rakhna']"
4281,HM,Wo log pagal hai jo piyar mai  suicide karta hai,Wo log pagal hai jo piyar mai  suicide karta hai,Wo log pagal hai jo piyar mai  suicide karta hai,48,48,48,"['wo', 'log', 'pagal', 'hai', 'jo', 'piyar', 'mai', 'suicide', 'karta', 'hai']"
4300,HM,O ladkiya pyaar me paagl mat banana ok,O ladkiya pyaar me paagl mat banana ok,O ladkiya pyaar me paagl mat banana ok,38,38,38,"['o', 'ladkiya', 'pyaar', 'me', 'paagl', 'mat', 'banana', 'ok']"
4304,HM,Good jagana banaya hai,Good jagana banaya hai,Good jagana banaya hai,22,22,22,"['good', 'jagana', 'banaya', 'hai']"
4309,HM,Supari song,Supari song,Supari song,11,11,11,"['supari', 'song']"
4321,HM,àª¦à«‚àªµàª¾àª®à«‡  àª¯àª¾àª¦àª°àª–àª¨àª¾,àª¦à«‚àªµàª¾àª®à«‡  àª¯àª¾àª¦àª°àª–àª¨àª¾,àª¦à«‚àªµàª¾àª®à«‡  àª¯àª¾àª¦àª°àª–àª¨àª¾,15,15,15,"['àª¦à«‚àªµàª¾àª®à«‡', 'àª¯àª¾àª¦àª°àª–àª¨àª¾']"
4328,HM,Duaa me  yad. Rkhna,Duaa me  yad Rkhna,Duaa me  yad Rkhna,19,18,18,"['duaa', 'me', 'yad', 'rkhna']"
4330,HM,Aap ka best chahak vishal,Aap ka best chahak vishal,Aap ka best chahak vishal,25,25,25,"['aap', 'ka', 'best', 'chahak', 'vishal']"
4331,HM,Hindi mein achche nahi lagte vijay bhai gujrati barabar hein aap ke liye,Hindi mein achche nahi lagte vijay bhai gujrati barabar hein aap ke liye,Hindi mein achche nahi lagte vijay bhai gujrati barabar hein aap ke liye,72,72,72,"['hindi', 'mein', 'achche', 'nahi', 'lagte', 'vijay', 'bhai', 'gujrati', 'barabar', 'hein', 'aap', 'ke', 'liye']"
4332,HM,Hindi nahi aati to hindi mein gaana gana chhod do,Hindi nahi aati to hindi mein gaana gana chhod do,Hindi nahi aati to hindi mein gaana gana chhod do,49,49,49,"['hindi', 'nahi', 'aati', 'to', 'hindi', 'mein', 'gaana', 'gana', 'chhod', 'do']"
4343,HM,Aavoga tome milane aapna kayal rakha,Aavoga tome milane aapna kayal rakha,Aavoga tome milane aapna kayal rakha,36,36,36,"['aavoga', 'tome', 'milane', 'aapna', 'kayal', 'rakha']"
4350,HM,Super duper hit song Che...,Super duper hit song Che,Super duper hit song Che,27,24,24,"['super', 'duper', 'hit', 'song', 'che']"
4365,HM,Aap gaana muje bahut accha lagthe he... Aap ko my fan hogyaâ€¦,Aap gaana muje bahut accha lagthe he Aap ko my fan hogyaâ€¦,Aap gaana muje bahut accha lagthe he Aap ko my fan hogya,60,57,56,"['aap', 'gaana', 'muje', 'bahut', 'accha', 'lagthe', 'he', 'aap', 'ko', 'my', 'fan', 'hogya']"
4484,HM,Khajur bhai end video ringtone konsi hai,Khajur bhai end video ringtone konsi hai,Khajur bhai end video ringtone konsi hai,40,40,40,"['khajur', 'bhai', 'end', 'video', 'ringtone', 'konsi', 'hai']"
4565,HM,Khajur bhai ko like karo,Khajur bhai ko like karo,Khajur bhai ko like karo,24,24,24,"['khajur', 'bhai', 'ko', 'like', 'karo']"
4569,HM,Khajur Bhai aap pubg ka video banaea,Khajur Bhai aap pubg ka video banaea,Khajur Bhai aap pubg ka video banaea,36,36,36,"['khajur', 'bhai', 'aap', 'pubg', 'ka', 'video', 'banaea']"
4670,HM,Khajur bhai me mp se hoo or aapke video bahut passand he mujhe kuch kuch ward samj nhi pata hoo ,Khajur bhai me mp se hoo or aapke video bahut passand he mujhe kuch kuch ward samj nhi pata hoo ,Khajur bhai me mp se hoo or aapke video bahut passand he mujhe kuch kuch ward samj nhi pata hoo ,96,96,96,"['khajur', 'bhai', 'me', 'mp', 'se', 'hoo', 'or', 'aapke', 'video', 'bahut', 'passand', 'he', 'mujhe', 'kuch', 'kuch', 'ward', 'samj', 'nhi', 'pata', 'hoo', '']"
4671,HM,but achha lagte he apke video or apki acting,but achha lagte he apke video or apki acting,but achha lagte he apke video or apki acting,44,44,44,"['but', 'achha', 'lagte', 'he', 'apke', 'video', 'or', 'apki', 'acting']"
4690,HM,Khajur Bhai Pehchana,Khajur Bhai Pehchana,Khajur Bhai Pehchana,20,20,20,"['khajur', 'bhai', 'pehchana']"
4705,HM,apki har video 1 no he khajur bhai(Ã Â¹â€˜Ã¢â‚¬Â¢Ã¡Â´â€”Ã¢â‚¬Â¢Ã Â¹â€˜)Ã¢â„¢Â¡,apki har video 1 no he khajur bhaiÃ Â¹â€˜Ã¢â‚¬Â¢Ã¡Â´â€”Ã¢â‚¬Â¢Ã Â¹â€˜Ã¢â„¢Â¡,apki har video 1 no he khajur bhai,54,52,34,"['apki', 'har', 'video', '1', 'no', 'he', 'khajur', 'bhai']"
4813,HM,498 pe banavo,498 pe banavo,498 pe banavo,13,13,13,"['498', 'pe', 'banavo']"
4840,HM,Tere naam jordar,Tere naam jordar,Tere naam jordar,16,16,16,"['tere', 'naam', 'jordar']"
4897,HM,Khajur bhai hit hai,Khajur bhai hit hai,Khajur bhai hit hai,19,19,19,"['khajur', 'bhai', 'hit', 'hai']"
4913,HM,Khajur bhai jinda bad Ã°Å¸â€™Â®Ã°Å¸â€™Â®Ã°Å¸â€™Â®,Khajur bhai jinda bad Ã°Å¸â€™Â®Ã°Å¸â€™Â®Ã°Å¸â€™Â®,Khajur bhai jinda bad ,34,34,22,"['khajur', 'bhai', 'jinda', 'bad', '']"
4964,HM,Jane bhi do yaro !!!,Jane bhi do yaro ,Jane bhi do yaro ,20,17,17,"['jane', 'bhi', 'do', 'yaro', '']"
4983,HM,Suparrr se upar ho Bhai,Suparrr se upar ho Bhai,Suparrr se upar ho Bhai,23,23,23,"['suparrr', 'se', 'upar', 'ho', 'bhai']"
5272,HM,desh ke liye mar mitege par hame free me kuchh nahi chahiye,desh ke liye mar mitege par hame free me kuchh nahi chahiye,desh ke liye mar mitege par hame free me kuchh nahi chahiye,59,59,59,"['desh', 'ke', 'liye', 'mar', 'mitege', 'par', 'hame', 'free', 'me', 'kuchh', 'nahi', 'chahiye']"
5277,HM,Jis insan ko jarurat unahe hi do Ham kisan he ,Jis insan ko jarurat unahe hi do Ham kisan he ,Jis insan ko jarurat unahe hi do Ham kisan he ,46,46,46,"['jis', 'insan', 'ko', 'jarurat', 'unahe', 'hi', 'do', 'ham', 'kisan', 'he', '']"
5364,HM,no log Kiya kry Jin logo Kay pas rasankhart nhi hay to bhai log kha say khay gay in ka to Kiya hoga,no log Kiya kry Jin logo Kay pas rasankhart nhi hay to bhai log kha say khay gay in ka to Kiya hoga,no log Kiya kry Jin logo Kay pas rasankhart nhi hay to bhai log kha say khay gay in ka to Kiya hoga,99,99,99,"['no', 'log', 'kiya', 'kry', 'jin', 'logo', 'kay', 'pas', 'rasankhart', 'nhi', 'hay', 'to', 'bhai', 'log', 'kha', 'say', 'khay', 'gay', 'in', 'ka', 'to', 'kiya', 'hoga']"
5365,HM,Jo log kiray par rhtay hay ,Jo log kiray par rhtay hay ,Jo log kiray par rhtay hay ,27,27,27,"['jo', 'log', 'kiray', 'par', 'rhtay', 'hay', '']"
5378,HM,Hamko mafat me nahi chahiye,Hamko mafat me nahi chahiye,Hamko mafat me nahi chahiye,27,27,27,"['hamko', 'mafat', 'me', 'nahi', 'chahiye']"
5384,HM,kya khayenge kaise jiyenge ghar ke log presan h ,kya khayenge kaise jiyenge ghar ke log presan h ,kya khayenge kaise jiyenge ghar ke log presan h ,48,48,48,"['kya', 'khayenge', 'kaise', 'jiyenge', 'ghar', 'ke', 'log', 'presan', 'h', '']"
5398,HM,paise khatam ho gaye ,paise khatam ho gaye ,paise khatam ho gaye ,21,21,21,"['paise', 'khatam', 'ho', 'gaye', '']"
5416,HM,3.5 killo gahu pesane kaha jaye shop to sab band he,35 killo gahu pesane kaha jaye shop to sab band he,35 killo gahu pesane kaha jaye shop to sab band he,51,50,50,"['35', 'killo', 'gahu', 'pesane', 'kaha', 'jaye', 'shop', 'to', 'sab', 'band', 'he']"
5425,HM,Usi Tarah yah log garibon ko Anaaj bhi khelenge,Usi Tarah yah log garibon ko Anaaj bhi khelenge,Usi Tarah yah log garibon ko Anaaj bhi khelenge,47,47,47,"['usi', 'tarah', 'yah', 'log', 'garibon', 'ko', 'anaaj', 'bhi', 'khelenge']"
5427,HM,Anaaj lene ke liye line Mein Khade Rahenge to kya Corona virus Nahin aaega,Anaaj lene ke liye line Mein Khade Rahenge to kya Corona virus Nahin aaega,Anaaj lene ke liye line Mein Khade Rahenge to kya Corona virus Nahin aaega,74,74,74,"['anaaj', 'lene', 'ke', 'liye', 'line', 'mein', 'khade', 'rahenge', 'to', 'kya', 'corona', 'virus', 'nahin', 'aaega']"
5428,HM,Junagadh k batwa Gav k 42 loko Amritsar ma fasayela Che ,Junagadh k batwa Gav k 42 loko Amritsar ma fasayela Che ,Junagadh k batwa Gav k 42 loko Amritsar ma fasayela Che ,56,56,56,"['junagadh', 'k', 'batwa', 'gav', 'k', '42', 'loko', 'amritsar', 'ma', 'fasayela', 'che', '']"
5429,HM,Hamari kamai Neta aur police Jeetni  ,Hamari kamai Neta aur police Jeetni  ,Hamari kamai Neta aur police Jeetni  ,37,37,37,"['hamari', 'kamai', 'neta', 'aur', 'police', 'jeetni', '']"
5430,HM,Jese notebandi ke Waqt Sab ke account mein 15-15 lakh Aaye The ,Jese notebandi ke Waqt Sab ke account mein 1515 lakh Aaye The ,Jese notebandi ke Waqt Sab ke account mein 1515 lakh Aaye The ,63,62,62,"['jese', 'notebandi', 'ke', 'waqt', 'sab', 'ke', 'account', 'mein', '1515', 'lakh', 'aaye', 'the', '']"
5432,HM,Budget Sarkar Jama Mata ki aarti,Budget Sarkar Jama Mata ki aarti,Budget Sarkar Jama Mata ki aarti,32,32,32,"['budget', 'sarkar', 'jama', 'mata', 'ki', 'aarti']"
5444,HM,Bolna Tak hi thik he boldiya,Bolna Tak hi thik he boldiya,Bolna Tak hi thik he boldiya,28,28,28,"['bolna', 'tak', 'hi', 'thik', 'he', 'boldiya']"
5445,HM,21 me 2 din nikl gaye,21 me 2 din nikl gaye,21 me 2 din nikl gaye,21,21,21,"['21', 'me', '2', 'din', 'nikl', 'gaye']"
5463,HM,Electric city aur petrol maybe chhut Milani chahie,Electric city aur petrol maybe chhut Milani chahie,Electric city aur petrol maybe chhut Milani chahie,50,50,50,"['electric', 'city', 'aur', 'petrol', 'maybe', 'chhut', 'milani', 'chahie']"
5464,HM,Paise Nahin Hai vah Kya Karega,Paise Nahin Hai vah Kya Karega,Paise Nahin Hai vah Kya Karega,30,30,30,"['paise', 'nahin', 'hai', 'vah', 'kya', 'karega']"
5466,HM,Hum Ahmadabad me fase huye h ,Hum Ahmadabad me fase huye h ,Hum Ahmadabad me fase huye h ,29,29,29,"['hum', 'ahmadabad', 'me', 'fase', 'huye', 'h', '']"
5480,HM,Patna Jana h kam band h ,Patna Jana h kam band h ,Patna Jana h kam band h ,24,24,24,"['patna', 'jana', 'h', 'kam', 'band', 'h', '']"
5492,HM, Gujarat sarkar se hamari request h, Gujarat sarkar se hamari request h, Gujarat sarkar se hamari request h,35,35,35,"['', 'gujarat', 'sarkar', 'se', 'hamari', 'request', 'h']"
5493,HM, Jo majdoor yaha fase huye h, Jo majdoor yaha fase huye h, Jo majdoor yaha fase huye h,28,28,28,"['', 'jo', 'majdoor', 'yaha', 'fase', 'huye', 'h']"
5494,HM, unko uske ghar pahunchaya jaye please help, unko uske ghar pahunchaya jaye please help, unko uske ghar pahunchaya jaye please help,43,43,43,"['', 'unko', 'uske', 'ghar', 'pahunchaya', 'jaye', 'please', 'help']"
5965,HM,plz kuch hindi gane gao na plz ....,plz kuch hindi gane gao na plz ,plz kuch hindi gane gao na plz ,35,31,31,"['plz', 'kuch', 'hindi', 'gane', 'gao', 'na', 'plz', '']"
6038,HM,à¤–à¤š,à¤–à¤š,à¤–à¤š,2,2,2,['à¤–à¤š']
6040,HM,Kanha ki jagah om baraiya ko lena chahiye tha,Kanha ki jagah om baraiya ko lena chahiye tha,Kanha ki jagah om baraiya ko lena chahiye tha,45,45,45,"['kanha', 'ki', 'jagah', 'om', 'baraiya', 'ko', 'lena', 'chahiye', 'tha']"
6044,HM,Gujraat ki shaan gita rabari,Gujraat ki shaan gita rabari,Gujraat ki shaan gita rabari,28,28,28,"['gujraat', 'ki', 'shaan', 'gita', 'rabari']"
6069,HM,DJ ho to easy ho,DJ ho to easy ho,DJ ho to easy ho,16,16,16,"['dj', 'ho', 'to', 'easy', 'ho']"
6077,HM,Yeah song muje Bahut Pasand he aur kiss kiss ko pasand he like karo,Yeah song muje Bahut Pasand he aur kiss kiss ko pasand he like karo,Yeah song muje Bahut Pasand he aur kiss kiss ko pasand he like karo,67,67,67,"['yeah', 'song', 'muje', 'bahut', 'pasand', 'he', 'aur', 'kiss', 'kiss', 'ko', 'pasand', 'he', 'like', 'karo']"
6099,HM,comment padhne walo subscribe kar do Please,comment padhne walo subscribe kar do Please,comment padhne walo subscribe kar do Please,43,43,43,"['comment', 'padhne', 'walo', 'subscribe', 'kar', 'do', 'please']"
6100,HM,Mast song,Mast song,Mast song,9,9,9,"['mast', 'song']"
6102,HM,Mast he didi,Mast he didi,Mast he didi,12,12,12,"['mast', 'he', 'didi']"
6112,HM,Mai Rajasthan se hu aur mujhe Gujarati aati hai,Mai Rajasthan se hu aur mujhe Gujarati aati hai,Mai Rajasthan se hu aur mujhe Gujarati aati hai,47,47,47,"['mai', 'rajasthan', 'se', 'hu', 'aur', 'mujhe', 'gujarati', 'aati', 'hai']"
6115,HM,Kya rkha he hindi me ğŸ˜„ Gujarati sunoğŸ˜„ğŸ˜„ğŸ˜„ğŸ˜„ğŸ˜„ğŸ˜„ğŸ¥‡ğŸ¥‡ğŸ¥‡ğŸ¥‡ğŸ¥‡ğŸ¥‡ğŸ¥‡,Kya rkha he hindi me ğŸ˜„ Gujarati sunoğŸ˜„ğŸ˜„ğŸ˜„ğŸ˜„ğŸ˜„ğŸ˜„ğŸ¥‡ğŸ¥‡ğŸ¥‡ğŸ¥‡ğŸ¥‡ğŸ¥‡ğŸ¥‡,Kya rkha he hindi me  Gujarati suno,49,49,35,"['kya', 'rkha', 'he', 'hindi', 'me', 'gujarati', 'suno']"
6116,HM,Likee kro vidyo ko,Likee kro vidyo ko,Likee kro vidyo ko,18,18,18,"['likee', 'kro', 'vidyo', 'ko']"
6120,HM,Pyar  sab we bada dokka h,Pyar  sab we bada dokka h,Pyar  sab we bada dokka h,25,25,25,"['pyar', 'sab', 'we', 'bada', 'dokka', 'h']"
6121,HM,Kon kon sun rha 2020,Kon kon sun rha 2020,Kon kon sun rha 2020,20,20,20,"['kon', 'kon', 'sun', 'rha', '2020']"
6133,HM,Ye song jobhi gaya hai use upar wala khus rakhe ,Ye song jobhi gaya hai use upar wala khus rakhe ,Ye song jobhi gaya hai use upar wala khus rakhe ,48,48,48,"['ye', 'song', 'jobhi', 'gaya', 'hai', 'use', 'upar', 'wala', 'khus', 'rakhe', '']"
6134,HM,Mp dhar se Hoon and mujhe ye song bahut pasnd hai,Mp dhar se Hoon and mujhe ye song bahut pasnd hai,Mp dhar se Hoon and mujhe ye song bahut pasnd hai,49,49,49,"['mp', 'dhar', 'se', 'hoon', 'and', 'mujhe', 'ye', 'song', 'bahut', 'pasnd', 'hai']"
6142,HM,Hay ye gana muje bahut achchha lga hay,Hay ye gana muje bahut achchha lga hay,Hay ye gana muje bahut achchha lga hay,38,38,38,"['hay', 'ye', 'gana', 'muje', 'bahut', 'achchha', 'lga', 'hay']"
6146,HM,mene akber gujarat mai travell kiyatha 2017 may bohut achcha laga,mene akber gujarat mai travell kiyatha 2017 may bohut achcha laga,mene akber gujarat mai travell kiyatha 2017 may bohut achcha laga,65,65,65,"['mene', 'akber', 'gujarat', 'mai', 'travell', 'kiyatha', '2017', 'may', 'bohut', 'achcha', 'laga']"
6147,HM,Mujhe gujarati jada nahi ate hai ,Mujhe gujarati jada nahi ate hai ,Mujhe gujarati jada nahi ate hai ,33,33,33,"['mujhe', 'gujarati', 'jada', 'nahi', 'ate', 'hai', '']"
6148,HM,Main delhi se hu par mujhe Gujarati language samjh me nhi aa ti fir bhi mujhe yah song ,Main delhi se hu par mujhe Gujarati language samjh me nhi aa ti fir bhi mujhe yah song ,Main delhi se hu par mujhe Gujarati language samjh me nhi aa ti fir bhi mujhe yah song ,87,87,87,"['main', 'delhi', 'se', 'hu', 'par', 'mujhe', 'gujarati', 'language', 'samjh', 'me', 'nhi', 'aa', 'ti', 'fir', 'bhi', 'mujhe', 'yah', 'song', '']"
6149,HM, Or , Or , Or ,4,4,4,"['', 'or', '']"
6151,HM, Geeta rabadi ke song mast lgte h, Geeta rabadi ke song mast lgte h, Geeta rabadi ke song mast lgte h,33,33,33,"['', 'geeta', 'rabadi', 'ke', 'song', 'mast', 'lgte', 'h']"
6153,HM,Yeh gana kabhi purana nhi ho skta  ,Yeh gana kabhi purana nhi ho skta  ,Yeh gana kabhi purana nhi ho skta  ,35,35,35,"['yeh', 'gana', 'kabhi', 'purana', 'nhi', 'ho', 'skta', '']"
6154,HM,firbee mene a gana sunkar bohut enjoy.,firbee mene a gana sunkar bohut enjoy,firbee mene a gana sunkar bohut enjoy,38,37,37,"['firbee', 'mene', 'a', 'gana', 'sunkar', 'bohut', 'enjoy']"
6155,HM,My vee sunta hu,My vee sunta hu,My vee sunta hu,15,15,15,"['my', 'vee', 'sunta', 'hu']"
6175,HM,Dard bhara song,Dard bhara song,Dard bhara song,15,15,15,"['dard', 'bhara', 'song']"
6194,HM,Jis ko b ye song pasand h wo like kare,Jis ko b ye song pasand h wo like kare,Jis ko b ye song pasand h wo like kare,38,38,38,"['jis', 'ko', 'b', 'ye', 'song', 'pasand', 'h', 'wo', 'like', 'kare']"
6198,HM,Hii aap ka video song mast hai,Hii aap ka video song mast hai,Hii aap ka video song mast hai,30,30,30,"['hii', 'aap', 'ka', 'video', 'song', 'mast', 'hai']"
6249,HM,jio hajro sal,jio hajro sal,jio hajro sal,13,13,13,"['jio', 'hajro', 'sal']"
6251,HM,Achha Song,Achha Song,Achha Song,10,10,10,"['achha', 'song']"
6302,HM,bole.to.ek.dum.jakkkas,boletoekdumjakkkas,boletoekdumjakkkas,22,18,18,['boletoekdumjakkkas']
6322,HM,Jignesh bhai me aap se milna chata hu,Jignesh bhai me aap se milna chata hu,Jignesh bhai me aap se milna chata hu,37,37,37,"['jignesh', 'bhai', 'me', 'aap', 'se', 'milna', 'chata', 'hu']"
6339,HM,Program ke liye jagnesh kaviraj ji ke no. Send me,Program ke liye jagnesh kaviraj ji ke no Send me,Program ke liye jagnesh kaviraj ji ke no Send me,49,48,48,"['program', 'ke', 'liye', 'jagnesh', 'kaviraj', 'ji', 'ke', 'no', 'send', 'me']"
6355,HM,à¤¦à¥à¤¨à¤¿à¤¯à¤¾ à¤¬à¤¹à¥à¤¤ à¤®à¤¤à¤²à¤¬à¥€ à¤¹à¥ˆ à¤¸à¤¾à¤¥ à¤•à¥‹à¤ˆ à¤•à¤¯à¤¾ à¤¦à¥‡à¤—à¤¾ à¤®à¥à¤«à¤¤ à¤•à¤¾ à¤¯à¤¹à¤¾ à¤•à¤«à¤¨ à¤¨à¤¹à¥€ à¤®à¤¿à¤²à¤¤à¤¾ à¤¤à¥‹ à¤¸à¥‹à¤šà¥‹ à¤¬à¤¿à¤¨à¤¾ à¤—à¤® à¤•à¥‡ à¤ªà¤¼à¤¯à¤¾à¤° à¤•à¥‹à¤¨ à¤¦à¥‡à¤—à¤¾,à¤¦à¥à¤¨à¤¿à¤¯à¤¾ à¤¬à¤¹à¥à¤¤ à¤®à¤¤à¤²à¤¬à¥€ à¤¹à¥ˆ à¤¸à¤¾à¤¥ à¤•à¥‹à¤ˆ à¤•à¤¯à¤¾ à¤¦à¥‡à¤—à¤¾ à¤®à¥à¤«à¤¤ à¤•à¤¾ à¤¯à¤¹à¤¾ à¤•à¤«à¤¨ à¤¨à¤¹à¥€ à¤®à¤¿à¤²à¤¤à¤¾ à¤¤à¥‹ à¤¸à¥‹à¤šà¥‹ à¤¬à¤¿à¤¨à¤¾ à¤—à¤® à¤•à¥‡ à¤ªà¤¼à¤¯à¤¾à¤° à¤•à¥‹à¤¨ à¤¦à¥‡à¤—à¤¾,à¤¦à¥à¤¨à¤¿à¤¯à¤¾ à¤¬à¤¹à¥à¤¤ à¤®à¤¤à¤²à¤¬à¥€ à¤¹à¥ˆ à¤¸à¤¾à¤¥ à¤•à¥‹à¤ˆ à¤•à¤¯à¤¾ à¤¦à¥‡à¤—à¤¾ à¤®à¥à¤«à¤¤ à¤•à¤¾ à¤¯à¤¹à¤¾ à¤•à¤«à¤¨ à¤¨à¤¹à¥€ à¤®à¤¿à¤²à¤¤à¤¾ à¤¤à¥‹ à¤¸à¥‹à¤šà¥‹ à¤¬à¤¿à¤¨à¤¾ à¤—à¤® à¤•à¥‡ à¤ªà¤¼à¤¯à¤¾à¤° à¤•à¥‹à¤¨ à¤¦à¥‡à¤—à¤¾,97,97,97,"['à¤¦à¥à¤¨à¤¿à¤¯à¤¾', 'à¤¬à¤¹à¥à¤¤', 'à¤®à¤¤à¤²à¤¬à¥€', 'à¤¹à¥ˆ', 'à¤¸à¤¾à¤¥', 'à¤•à¥‹à¤ˆ', 'à¤•à¤¯à¤¾', 'à¤¦à¥‡à¤—à¤¾', 'à¤®à¥à¤«à¤¤', 'à¤•à¤¾', 'à¤¯à¤¹à¤¾', 'à¤•à¤«à¤¨', 'à¤¨à¤¹à¥€', 'à¤®à¤¿à¤²à¤¤à¤¾', 'à¤¤à¥‹', 'à¤¸à¥‹à¤šà¥‹', 'à¤¬à¤¿à¤¨à¤¾', 'à¤—à¤®', 'à¤•à¥‡', 'à¤ªà¤¼à¤¯à¤¾à¤°', 'à¤•à¥‹à¤¨', 'à¤¦à¥‡à¤—à¤¾']"
6421,HM,Ek number so much aapke song he bhayya,Ek number so much aapke song he bhayya,Ek number so much aapke song he bhayya,38,38,38,"['ek', 'number', 'so', 'much', 'aapke', 'song', 'he', 'bhayya']"
6426,HM,So much mere bhai Rakesh barot,So much mere bhai Rakesh barot,So much mere bhai Rakesh barot,30,30,30,"['so', 'much', 'mere', 'bhai', 'rakesh', 'barot']"
6444,HM,Kis kis ko ye gana achha laga wo mere photo ko tach kar ke mere chainal ko subscribe kare,Kis kis ko ye gana achha laga wo mere photo ko tach kar ke mere chainal ko subscribe kare,Kis kis ko ye gana achha laga wo mere photo ko tach kar ke mere chainal ko subscribe kare,89,89,89,"['kis', 'kis', 'ko', 'ye', 'gana', 'achha', 'laga', 'wo', 'mere', 'photo', 'ko', 'tach', 'kar', 'ke', 'mere', 'chainal', 'ko', 'subscribe', 'kare']"
6495,HM,Ek mere bhele ke liye like to banta hai,Ek mere bhele ke liye like to banta hai,Ek mere bhele ke liye like to banta hai,39,39,39,"['ek', 'mere', 'bhele', 'ke', 'liye', 'like', 'to', 'banta', 'hai']"
6504,HM,Bhole nath ke bhakt like kare,Bhole nath ke bhakt like kare,Bhole nath ke bhakt like kare,29,29,29,"['bhole', 'nath', 'ke', 'bhakt', 'like', 'kare']"
6511,HM,Gita ben me aapka fan hu rajasthanse,Gita ben me aapka fan hu rajasthanse,Gita ben me aapka fan hu rajasthanse,36,36,36,"['gita', 'ben', 'me', 'aapka', 'fan', 'hu', 'rajasthanse']"
6519,HM,Jay girdhari khush rage dunya  sari,Jay girdhari khush rage dunya  sari,Jay girdhari khush rage dunya  sari,35,35,35,"['jay', 'girdhari', 'khush', 'rage', 'dunya', 'sari']"
6528,HM,Kya voice he Gita Ben ki ohhh hoooo mind blowing,Kya voice he Gita Ben ki ohhh hoooo mind blowing,Kya voice he Gita Ben ki ohhh hoooo mind blowing,48,48,48,"['kya', 'voice', 'he', 'gita', 'ben', 'ki', 'ohhh', 'hoooo', 'mind', 'blowing']"
6532,HM,Hindi mai hota to our b acha hona c,Hindi mai hota to our b acha hona c,Hindi mai hota to our b acha hona c,35,35,35,"['hindi', 'mai', 'hota', 'to', 'our', 'b', 'acha', 'hona', 'c']"
6542,HM,Apki awaj me ek alag hi andaj heğŸ™,Apki awaj me ek alag hi andaj heğŸ™,Apki awaj me ek alag hi andaj he,33,33,32,"['apki', 'awaj', 'me', 'ek', 'alag', 'hi', 'andaj', 'he']"
6552,HM,geeta g aap ko bohot namah kuki songs dhamal machayenge.,geeta g aap ko bohot namah kuki songs dhamal machayenge,geeta g aap ko bohot namah kuki songs dhamal machayenge,56,55,55,"['geeta', 'g', 'aap', 'ko', 'bohot', 'namah', 'kuki', 'songs', 'dhamal', 'machayenge']"
6557,HM,..itne din ke bad lebel song or to aap ke gaan fav....,itne din ke bad lebel song or to aap ke gaan fav,itne din ke bad lebel song or to aap ke gaan fav,54,48,48,"['itne', 'din', 'ke', 'bad', 'lebel', 'song', 'or', 'to', 'aap', 'ke', 'gaan', 'fav']"
6559,HM,Geeta bahan yah gana aapka bahut Sundar hai Har Har Mahadev,Geeta bahan yah gana aapka bahut Sundar hai Har Har Mahadev,Geeta bahan yah gana aapka bahut Sundar hai Har Har Mahadev,59,59,59,"['geeta', 'bahan', 'yah', 'gana', 'aapka', 'bahut', 'sundar', 'hai', 'har', 'har', 'mahadev']"
6574,HM,Modi à¤¹à¥‡ à¤¤à¥‹ à¤¸à¤¬ kuch Mumkin à¤¹à¥ˆ.,Modi à¤¹à¥‡ à¤¤à¥‹ à¤¸à¤¬ kuch Mumkin à¤¹à¥ˆ,Modi à¤¹à¥‡ à¤¤à¥‹ à¤¸à¤¬ kuch Mumkin à¤¹à¥ˆ,29,28,28,"['modi', 'à¤¹à¥‡', 'à¤¤à¥‹', 'à¤¸à¤¬', 'kuch', 'mumkin', 'à¤¹à¥ˆ']"
6579,HM,"Sir, cricket pich length  20 mters hoti he.",Sir cricket pich length  20 mters hoti he,Sir cricket pich length  20 mters hoti he,43,41,41,"['sir', 'cricket', 'pich', 'length', '20', 'mters', 'hoti', 'he']"
